sentence_id,audio_file_name,audio_absolute_path,audio_created_at,current_english_sentence,current_persian_translation,stored_audio_source_text,historical_source_text,evidence_method,historical_candidate_count,snapshot_commit,snapshot_created_at,snapshot_delay_minutes,local_sentence_url,difference_percent,priority,risk_level,review_status,qa_score
386,s__386__sentence_en_meaning_fa__1770435198559.mp3,/Users/seyedbehrangkaboudi/Personal-Local/Projects/NextJS/Anki/public/audio/sentences/s__386__sentence_en_meaning_fa__1770435198559.mp3,2026-02-07T03:33:18.559Z,I need to vacuum the rug before guests arrive.,باید فرش را جارو برقی بکشم قبل از اینکه مهمان‌ها برسند.,باید فرش را جارو برقی بکشم قبل از اینکه مهمان‌ها برسند.,قبل از رسیدن مهمان‌ها باید قالی را جاروبرقی بکشم.,unique_legacy_word_with_same_english_sentence,1,f950377b3,2026-02-07T05:07:36.025Z,94.3,http://localhost:3000/words/tables/sentences?ids=386,86,1,very_high,historical_text_differs_from_current_text,9.2
361,s__361__sentence_en_meaning_fa__1770435195641.mp3,/Users/seyedbehrangkaboudi/Personal-Local/Projects/NextJS/Anki/public/audio/sentences/s__361__sentence_en_meaning_fa__1770435195641.mp3,2026-02-07T03:33:15.641Z,Hold the wood with a clamp while it dries.,چوب را با گیره ثابت نگه دار تا خشک شود.,چوب را با گیره ثابت نگه دار تا خشک شود.,وقتی خشک می‌شود، چوب را با گیره نگه دار.,unique_legacy_word_with_same_english_sentence,1,f950377b3,2026-02-07T05:07:36.025Z,94.3,http://localhost:3000/words/tables/sentences?ids=361,82.8,1,very_high,historical_text_differs_from_current_text,9.2
354,s__354__sentence_en_meaning_fa__1770435194841.mp3,/Users/seyedbehrangkaboudi/Personal-Local/Projects/NextJS/Anki/public/audio/sentences/s__354__sentence_en_meaning_fa__1770435194841.mp3,2026-02-07T03:33:14.841Z,Use a mallet to tap it into place.,از چکش چوبی استفاده کن تا آن را در جای خود ضربه بزنی.,از چکش چوبی استفاده کن تا آن را در جای خود ضربه بزنی.,برای جا انداختنش از چکش لاستیکی استفاده کن.,unique_legacy_word_with_same_english_sentence,1,f950377b3,2026-02-07T05:07:36.025Z,94.4,http://localhost:3000/words/tables/sentences?ids=354,82.5,1,very_high,historical_text_differs_from_current_text,9.2
129,s__129__sentence_en_meaning_fa__1770435168034.mp3,/Users/seyedbehrangkaboudi/Personal-Local/Projects/NextJS/Anki/public/audio/sentences/s__129__sentence_en_meaning_fa__1770435168034.mp3,2026-02-07T03:32:48.034Z,Use a protractor to measure that angle.,از یک نقاله استفاده کن تا آن زاویه را اندازه بگیری.,از یک نقاله استفاده کن تا آن زاویه را اندازه بگیری.,برای اندازه‌گیری آن زاویه از زاویه سنج استفاده کن.,unique_legacy_word_with_same_english_sentence,1,f950377b3,2026-02-07T05:07:36.025Z,94.8,http://localhost:3000/words/tables/sentences?ids=129,77.5,1,very_high,historical_text_differs_from_current_text,9.2
3570,s__3570__sentence_en_meaning_fa__1776139396477.mp3,/Users/seyedbehrangkaboudi/Personal-Local/Projects/NextJS/Anki/public/audio/sentences/s__3570__sentence_en_meaning_fa__1776139396477.mp3,2026-04-14T04:03:16.477Z,The server fetches the tenant settings before rendering the page.,سرور پیش از رندر کردن صفحه تنظیمات مستاجر را دریافت می کند.,سرور پیش از رندر کردن صفحه تنظیمات مستاجر را دریافت می کند.,تابع دریافت کردن داده کاربر را از API انجام می‌دهد.,sentence_id_in_first_snapshot_after_audio,0,e39b0ac18,2026-04-14T06:07:17.662Z,124,http://localhost:3000/words/tables/sentences?ids=3570,76.6,1,very_high,historical_text_differs_from_current_text,9.6
298,s__298__sentence_en_meaning_fa__1770435188326.mp3,/Users/seyedbehrangkaboudi/Personal-Local/Projects/NextJS/Anki/public/audio/sentences/s__298__sentence_en_meaning_fa__1770435188326.mp3,2026-02-07T03:33:08.326Z,He wore shorts because it was ninety degrees.,او چون هوا نود درجه بود شلوارک پوشید.,او چون هوا نود درجه بود شلوارک پوشید.,او شلوارک پوشید چون هوا خیلی گرم بود.,unique_legacy_word_with_same_english_sentence,1,f950377b3,2026-02-07T05:07:36.025Z,94.5,http://localhost:3000/words/tables/sentences?ids=298,75.9,1,very_high,historical_text_differs_from_current_text,9.2
205,s__205__sentence_en_meaning_fa__1770435177138.mp3,/Users/seyedbehrangkaboudi/Personal-Local/Projects/NextJS/Anki/public/audio/sentences/s__205__sentence_en_meaning_fa__1770435177138.mp3,2026-02-07T03:32:57.138Z,We hopped on the tram to reach the museum.,ما برای رسیدن به موزه سریع سوار شدن تراموا شدیم.,ما برای رسیدن به موزه سریع سوار شدن تراموا شدیم.,ما سوار تراموا شدیم تا به موزه برسیم.,unique_legacy_word_with_same_english_sentence,1,f950377b3,2026-02-07T05:07:36.025Z,94.6,http://localhost:3000/words/tables/sentences?ids=205,73.7,1,very_high,historical_text_differs_from_current_text,9.2
177,s__177__sentence_en_meaning_fa__1770435173821.mp3,/Users/seyedbehrangkaboudi/Personal-Local/Projects/NextJS/Anki/public/audio/sentences/s__177__sentence_en_meaning_fa__1770435173821.mp3,2026-02-07T03:32:53.821Z,They drove toward the mountain as the sun set.,آنها به سمت کوه رانندگی کردند وقتی خورشید غروب کرد.,آنها به سمت کوه رانندگی کردند وقتی خورشید غروب کرد.,آنها وقتی خورشید غروب می‌کرد به سمت کوه رانندگی کردند.,unique_legacy_word_with_same_english_sentence,1,f950377b3,2026-02-07T05:07:36.025Z,94.7,http://localhost:3000/words/tables/sentences?ids=177,72.1,1,very_high,historical_text_differs_from_current_text,9.2
4075,s__4075__sentence_en_meaning_fa__1777872242370.mp3,/Users/seyedbehrangkaboudi/Personal-Local/Projects/NextJS/Anki/public/audio/sentences/s__4075__sentence_en_meaning_fa__1777872242370.mp3,2026-05-04T05:24:02.370Z,The compact view fits more rows on a small screen.,نمای فشرده ردیف های بیشتری را در یک صفحه کوچک جا می دهد.,نمای فشرده ردیف های بیشتری را در یک صفحه کوچک جا می دهد.,این دستگاه فشرده به‌راحتی در جیبتان جا می‌شود.,sentence_id_in_first_snapshot_after_audio,0,c4dd3abe8,2026-05-04T13:02:11.250Z,458.1,http://localhost:3000/words/tables/sentences?ids=4075,72.1,1,very_high,historical_text_differs_from_current_text,9.6
116,s__116__sentence_en_meaning_fa__1770435166505.mp3,/Users/seyedbehrangkaboudi/Personal-Local/Projects/NextJS/Anki/public/audio/sentences/s__116__sentence_en_meaning_fa__1770435166505.mp3,2026-02-07T03:32:46.505Z,She washed every dish after dinner.,او هر ظرف را بعد از شام شست.,او هر ظرف را بعد از شام شست.,او بعد از شام هر ظرفی را شست.,unique_legacy_word_with_same_english_sentence,1,f950377b3,2026-02-07T05:07:36.025Z,94.8,http://localhost:3000/words/tables/sentences?ids=116,71.4,1,very_high,historical_text_differs_from_current_text,9.2
199,s__199__sentence_en_meaning_fa__1770435176407.mp3,/Users/seyedbehrangkaboudi/Personal-Local/Projects/NextJS/Anki/public/audio/sentences/s__199__sentence_en_meaning_fa__1770435176407.mp3,2026-02-07T03:32:56.407Z,She rented a scooter to get around downtown.,او یک اسکوتر اجاره کرد تا در مرکز شهر رفت‌وآمد کند.,او یک اسکوتر اجاره کرد تا در مرکز شهر رفت‌وآمد کند.,او برای گشت‌وگذار در مرکز شهر یک اسکوتر کرایه کرد.,unique_legacy_word_with_same_english_sentence,1,f950377b3,2026-02-07T05:07:36.025Z,94.7,http://localhost:3000/words/tables/sentences?ids=199,69.2,1,very_high,historical_text_differs_from_current_text,9.2
267,s__267__sentence_en_meaning_fa__1770435184554.mp3,/Users/seyedbehrangkaboudi/Personal-Local/Projects/NextJS/Anki/public/audio/sentences/s__267__sentence_en_meaning_fa__1770435184554.mp3,2026-02-07T03:33:04.554Z,I used a calculator to double-check the total.,من از یک ماشین حساب برای دوباره بررسی کردن مجموع استفاده کردم.,من از یک ماشین حساب برای دوباره بررسی کردن مجموع استفاده کردم.,برای دوباره‌چک کردن جمع کل از ماشین حساب استفاده کردم.,unique_legacy_word_with_same_english_sentence,1,f950377b3,2026-02-07T05:07:36.025Z,94.5,http://localhost:3000/words/tables/sentences?ids=267,68,1,very_high,historical_text_differs_from_current_text,9.2
216,s__216__sentence_en_meaning_fa__1770435178430.mp3,/Users/seyedbehrangkaboudi/Personal-Local/Projects/NextJS/Anki/public/audio/sentences/s__216__sentence_en_meaning_fa__1770435178430.mp3,2026-02-07T03:32:58.430Z,We rode in a balloon at sunrise.,ما در یک بالن در زمان طلوع سواری کردیم.,ما در یک بالن در زمان طلوع سواری کردیم.,ما موقع طلوع آفتاب با بالن پرواز کردیم.,unique_legacy_word_with_same_english_sentence,1,f950377b3,2026-02-07T05:07:36.025Z,94.6,http://localhost:3000/words/tables/sentences?ids=216,67.7,1,very_high,historical_text_differs_from_current_text,9.2
224,s__224__sentence_en_meaning_fa__1770435179346.mp3,/Users/seyedbehrangkaboudi/Personal-Local/Projects/NextJS/Anki/public/audio/sentences/s__224__sentence_en_meaning_fa__1770435179346.mp3,2026-02-07T03:32:59.346Z,An ambulance arrived within minutes after the crash.,یک آمبولانس در عرض چند دقیقه بعد از تصادف رسید.,یک آمبولانس در عرض چند دقیقه بعد از تصادف رسید.,چند دقیقه بعد از تصادف یک آمبولانس رسید.,unique_legacy_word_with_same_english_sentence,1,f950377b3,2026-02-07T05:07:36.025Z,94.6,http://localhost:3000/words/tables/sentences?ids=224,67.6,1,very_high,historical_text_differs_from_current_text,9.2
272,s__272__sentence_en_meaning_fa__1770435185117.mp3,/Users/seyedbehrangkaboudi/Personal-Local/Projects/NextJS/Anki/public/audio/sentences/s__272__sentence_en_meaning_fa__1770435185117.mp3,2026-02-07T03:33:05.117Z,He fell asleep on the couch during the movie.,او روی کاناپه در طول فیلم به خواب رفتن.,او روی کاناپه در طول فیلم به خواب رفتن.,او وسط فیلم روی کاناپه خوابش برد.,unique_legacy_word_with_same_english_sentence,1,f950377b3,2026-02-07T05:07:36.025Z,94.5,http://localhost:3000/words/tables/sentences?ids=272,66.7,1,very_high,historical_text_differs_from_current_text,9.2
287,s__287__sentence_en_meaning_fa__1770435186884.mp3,/Users/seyedbehrangkaboudi/Personal-Local/Projects/NextJS/Anki/public/audio/sentences/s__287__sentence_en_meaning_fa__1770435186884.mp3,2026-02-07T03:33:06.884Z,He wore a clean shirt to the interview.,او یک پیراهن تمیز برای مصاحبه پوشیدن.,او یک پیراهن تمیز برای مصاحبه پوشیدن.,او برای مصاحبه یک پیراهن تمیز پوشید.,unique_legacy_word_with_same_english_sentence,1,f950377b3,2026-02-07T05:07:36.025Z,94.5,http://localhost:3000/words/tables/sentences?ids=287,66.7,1,very_high,historical_text_differs_from_current_text,9.2
336,s__336__sentence_en_meaning_fa__1770435192700.mp3,/Users/seyedbehrangkaboudi/Personal-Local/Projects/NextJS/Anki/public/audio/sentences/s__336__sentence_en_meaning_fa__1770435192700.mp3,2026-02-07T03:33:12.700Z,My mobile phone ran out of battery again.,تلفن همراه من باز هم شارژش تمام شد.,تلفن همراه من باز هم شارژش تمام شد.,باتری گوشی دوباره تمام شد.,unique_legacy_word_with_same_english_sentence,1,f950377b3,2026-02-07T05:07:36.025Z,94.4,http://localhost:3000/words/tables/sentences?ids=336,66.7,1,very_high,historical_text_differs_from_current_text,9.2
243,s__243__sentence_en_meaning_fa__1770435181725.mp3,/Users/seyedbehrangkaboudi/Personal-Local/Projects/NextJS/Anki/public/audio/sentences/s__243__sentence_en_meaning_fa__1770435181725.mp3,2026-02-07T03:33:01.725Z,She played a tune on her toy piano.,او یک آهنگ روی پیانوی اسباب‌بازی‌اش نواختن.,او یک آهنگ روی پیانوی اسباب‌بازی‌اش نواختن.,او روی پیانو یک آهنگ زد.,unique_legacy_word_with_same_english_sentence,1,f950377b3,2026-02-07T05:07:36.025Z,94.6,http://localhost:3000/words/tables/sentences?ids=243,64.7,1,very_high,historical_text_differs_from_current_text,9.2
246,s__246__sentence_en_meaning_fa__1770435182079.mp3,/Users/seyedbehrangkaboudi/Personal-Local/Projects/NextJS/Anki/public/audio/sentences/s__246__sentence_en_meaning_fa__1770435182079.mp3,2026-02-07T03:33:02.079Z,She used a marker to label the boxes.,او از یک ماژیک برای برچسب زدن جعبه‌ها استفاده کرد.,او از یک ماژیک برای برچسب زدن جعبه‌ها استفاده کرد.,او با ماژیک جعبه‌ها را برچسب زد.,unique_legacy_word_with_same_english_sentence,1,f950377b3,2026-02-07T05:07:36.025Z,94.6,http://localhost:3000/words/tables/sentences?ids=246,64.1,1,very_high,historical_text_differs_from_current_text,9.2
302,s__302__sentence_en_meaning_fa__1770435188769.mp3,/Users/seyedbehrangkaboudi/Personal-Local/Projects/NextJS/Anki/public/audio/sentences/s__302__sentence_en_meaning_fa__1770435188769.mp3,2026-02-07T03:33:08.769Z,He showed up in a black jumpsuit.,او با یک سرهمی سیاه ظاهر شد.,او با یک سرهمی سیاه ظاهر شد.,او با لباس سرهمی مشکی آمد.,unique_legacy_word_with_same_english_sentence,1,f950377b3,2026-02-07T05:07:36.025Z,94.5,http://localhost:3000/words/tables/sentences?ids=302,61.9,1,very_high,historical_text_differs_from_current_text,9.2
232,s__232__sentence_en_meaning_fa__1770435180510.mp3,/Users/seyedbehrangkaboudi/Personal-Local/Projects/NextJS/Anki/public/audio/sentences/s__232__sentence_en_meaning_fa__1770435180510.mp3,2026-02-07T03:33:00.510Z,The spinning top wobbled and then fell over.,فرفره در حال چرخش تلوتلو خوردن و سپس افتاد.,فرفره در حال چرخش تلوتلو خوردن و سپس افتاد.,فرفره لق زد و بعد افتاد.,unique_legacy_word_with_same_english_sentence,1,f950377b3,2026-02-07T05:07:36.025Z,94.6,http://localhost:3000/words/tables/sentences?ids=232,61.8,1,very_high,historical_text_differs_from_current_text,9.2
242,s__242__sentence_en_meaning_fa__1770435181621.mp3,/Users/seyedbehrangkaboudi/Personal-Local/Projects/NextJS/Anki/public/audio/sentences/s__242__sentence_en_meaning_fa__1770435181621.mp3,2026-02-07T03:33:01.621Z,The drummer hit the drum hard during the chorus.,نوازنده درام در بخش همخوانی محکم به طبل زد.,نوازنده درام در بخش همخوانی محکم به طبل زد.,درامر در بخش کُر طبل را محکم زد.,unique_legacy_word_with_same_english_sentence,1,f950377b3,2026-02-07T05:07:36.025Z,94.6,http://localhost:3000/words/tables/sentences?ids=242,61.8,1,very_high,historical_text_differs_from_current_text,9.2
29,s__29__sentence_en_meaning_fa__1770435155542.mp3,/Users/seyedbehrangkaboudi/Personal-Local/Projects/NextJS/Anki/public/audio/sentences/s__29__sentence_en_meaning_fa__1770435155542.mp3,2026-02-07T03:32:35.542Z,He lay down on the bed to rest.,او روی تخت دراز کشید تا استراحت کند.,او روی تخت دراز کشید تا استراحت کند.,او برای استراحت روی تختخواب دراز کشید.,unique_legacy_word_with_same_english_sentence,1,f950377b3,2026-02-07T05:07:36.025Z,95,http://localhost:3000/words/tables/sentences?ids=29,61.3,1,very_high,historical_text_differs_from_current_text,9.2
103,s__103__sentence_en_meaning_fa__1770435164894.mp3,/Users/seyedbehrangkaboudi/Personal-Local/Projects/NextJS/Anki/public/audio/sentences/s__103__sentence_en_meaning_fa__1770435164894.mp3,2026-02-07T03:32:44.894Z,I bought a simple candle holder for the patio.,من یک جا شمعی ساده برای حیاط خریدم.,من یک جا شمعی ساده برای حیاط خریدم.,من برای پاسیو یک جاشمعی ساده خریدم.,unique_legacy_word_with_same_english_sentence,1,f950377b3,2026-02-07T05:07:36.025Z,94.9,http://localhost:3000/words/tables/sentences?ids=103,60.7,1,very_high,historical_text_differs_from_current_text,9.2
240,s__240__sentence_en_meaning_fa__1770435181409.mp3,/Users/seyedbehrangkaboudi/Personal-Local/Projects/NextJS/Anki/public/audio/sentences/s__240__sentence_en_meaning_fa__1770435181409.mp3,2026-02-07T03:33:01.409Z,The actor lifted the sword for the final scene.,بازیگر شمشیر را برای صحنه نهایی بلند کرد.,بازیگر شمشیر را برای صحنه نهایی بلند کرد.,بازیگر برای صحنه آخر شمشیر را بالا برد.,unique_legacy_word_with_same_english_sentence,1,f950377b3,2026-02-07T05:07:36.025Z,94.6,http://localhost:3000/words/tables/sentences?ids=240,60.6,1,very_high,historical_text_differs_from_current_text,9.2
320,s__320__sentence_en_meaning_fa__1770435190849.mp3,/Users/seyedbehrangkaboudi/Personal-Local/Projects/NextJS/Anki/public/audio/sentences/s__320__sentence_en_meaning_fa__1770435190849.mp3,2026-02-07T03:33:10.849Z,He walked around the house in slippers.,او با دمپایی اطراف خانه راه رفت.,او با دمپایی اطراف خانه راه رفت.,او در خانه با دمپایی راه می‌رفت.,unique_legacy_word_with_same_english_sentence,1,f950377b3,2026-02-07T05:07:36.025Z,94.4,http://localhost:3000/words/tables/sentences?ids=320,60,1,very_high,historical_text_differs_from_current_text,9.2
212,s__212__sentence_en_meaning_fa__1770435177962.mp3,/Users/seyedbehrangkaboudi/Personal-Local/Projects/NextJS/Anki/public/audio/sentences/s__212__sentence_en_meaning_fa__1770435177962.mp3,2026-02-07T03:32:57.962Z,The submarine surfaced briefly before diving again.,زیردریایی به سطح آمدن کوتاه قبل از اینکه دوباره غواصی کند.,زیردریایی به سطح آمدن کوتاه قبل از اینکه دوباره غواصی کند.,زیردریایی برای لحظه‌ای روی آب آمد و دوباره شیرجه زد.,unique_legacy_word_with_same_english_sentence,1,f950377b3,2026-02-07T05:07:36.025Z,94.6,http://localhost:3000/words/tables/sentences?ids=212,59.6,1,very_high,historical_text_differs_from_current_text,9.2
104,s__104__sentence_en_meaning_fa__1770435165004.mp3,/Users/seyedbehrangkaboudi/Personal-Local/Projects/NextJS/Anki/public/audio/sentences/s__104__sentence_en_meaning_fa__1770435165004.mp3,2026-02-07T03:32:45.004Z,Tourists kept taking photos next to the statue.,گردشگرها ادامه دادن عکس گرفتن کنار مجسمه.,گردشگرها ادامه دادن عکس گرفتن کنار مجسمه.,گردشگرها مدام کنار مجسمه عکس می‌گرفتند.,unique_legacy_word_with_same_english_sentence,1,f950377b3,2026-02-07T05:07:36.025Z,94.9,http://localhost:3000/words/tables/sentences?ids=104,58.8,1,very_high,historical_text_differs_from_current_text,9.2
140,s__140__sentence_en_meaning_fa__1770435169392.mp3,/Users/seyedbehrangkaboudi/Personal-Local/Projects/NextJS/Anki/public/audio/sentences/s__140__sentence_en_meaning_fa__1770435169392.mp3,2026-02-07T03:32:49.392Z,Grab a can of soda from the fridge.,یک قوطی نوشابه از یخچال بردار.,یک قوطی نوشابه از یخچال بردار.,از یخچال یک قوطی نوشابه بردار.,unique_legacy_word_with_same_english_sentence,1,f950377b3,2026-02-07T05:07:36.025Z,94.8,http://localhost:3000/words/tables/sentences?ids=140,58.3,1,very_high,historical_text_differs_from_current_text,9.2
266,s__266__sentence_en_meaning_fa__1770435184448.mp3,/Users/seyedbehrangkaboudi/Personal-Local/Projects/NextJS/Anki/public/audio/sentences/s__266__sentence_en_meaning_fa__1770435184448.mp3,2026-02-07T03:33:04.448Z,He used a highlighter to mark the key points.,او از یک هایلایتر برای علامت زدن نکته‌های کلیدی استفاده کرد.,او از یک هایلایتر برای علامت زدن نکته‌های کلیدی استفاده کرد.,او با هایلایتر نکات کلیدی را علامت زد.,unique_legacy_word_with_same_english_sentence,1,f950377b3,2026-02-07T05:07:36.025Z,94.5,http://localhost:3000/words/tables/sentences?ids=266,58.3,1,very_high,historical_text_differs_from_current_text,9.2
252,s__252__sentence_en_meaning_fa__1770435182834.mp3,/Users/seyedbehrangkaboudi/Personal-Local/Projects/NextJS/Anki/public/audio/sentences/s__252__sentence_en_meaning_fa__1770435182834.mp3,2026-02-07T03:33:02.834Z,He jotted the number on a notepad.,او عدد را روی یک دفتر یادداشت سریع نوشت.,او عدد را روی یک دفتر یادداشت سریع نوشت.,او شماره را روی دفترچه نوشت.,unique_legacy_word_with_same_english_sentence,1,f950377b3,2026-02-07T05:07:36.025Z,94.6,http://localhost:3000/words/tables/sentences?ids=252,58.1,1,very_high,historical_text_differs_from_current_text,9.2
356,s__356__sentence_en_meaning_fa__1770435195097.mp3,/Users/seyedbehrangkaboudi/Personal-Local/Projects/NextJS/Anki/public/audio/sentences/s__356__sentence_en_meaning_fa__1770435195097.mp3,2026-02-07T03:33:15.097Z,He used a wrench to loosen the bolt.,او از آچار برای شل کردن پیچ استفاده کرد.,او از آچار برای شل کردن پیچ استفاده کرد.,او با آچار پیچ را شل کرد.,unique_legacy_word_with_same_english_sentence,1,f950377b3,2026-02-07T05:07:36.025Z,94.3,http://localhost:3000/words/tables/sentences?ids=356,58.1,1,very_high,historical_text_differs_from_current_text,9.2
268,s__268__sentence_en_meaning_fa__1770435184666.mp3,/Users/seyedbehrangkaboudi/Personal-Local/Projects/NextJS/Anki/public/audio/sentences/s__268__sentence_en_meaning_fa__1770435184666.mp3,2026-02-07T03:33:04.666Z,I paid with my card at the register.,من با کارت خود در صندوق پرداخت کردن.,من با کارت خود در صندوق پرداخت کردن.,من در صندوق با کارت پرداخت کردم.,unique_legacy_word_with_same_english_sentence,1,f950377b3,2026-02-07T05:07:36.025Z,94.5,http://localhost:3000/words/tables/sentences?ids=268,57.1,1,very_high,historical_text_differs_from_current_text,9.2
196,s__196__sentence_en_meaning_fa__1770435176076.mp3,/Users/seyedbehrangkaboudi/Personal-Local/Projects/NextJS/Anki/public/audio/sentences/s__196__sentence_en_meaning_fa__1770435176076.mp3,2026-02-07T03:32:56.076Z,That vehicle is blocking the driveway.,آن وسیلهٔ نقلیه ورودی ماشین‌رو را بسته است.,آن وسیلهٔ نقلیه ورودی ماشین‌رو را بسته است.,آن خودرو جلوی راه ورودی را گرفته است.,unique_legacy_word_with_same_english_sentence,1,f950377b3,2026-02-07T05:07:36.025Z,94.7,http://localhost:3000/words/tables/sentences?ids=196,55.9,1,very_high,historical_text_differs_from_current_text,9.2
215,s__215__sentence_en_meaning_fa__1770435178297.mp3,/Users/seyedbehrangkaboudi/Personal-Local/Projects/NextJS/Anki/public/audio/sentences/s__215__sentence_en_meaning_fa__1770435178297.mp3,2026-02-07T03:32:58.297Z,He watched a glider drift silently over the field.,او یک گلایدر را بی صدا بر فراز میدان تماشا کرد.,او یک گلایدر را بی صدا بر فراز میدان تماشا کرد.,او دید که گلایدر بی‌صدا روی مزرعه سر خورد.,unique_legacy_word_with_same_english_sentence,1,f950377b3,2026-02-07T05:07:36.025Z,94.6,http://localhost:3000/words/tables/sentences?ids=215,55.6,1,very_high,historical_text_differs_from_current_text,9.2
297,s__297__sentence_en_meaning_fa__1770435188169.mp3,/Users/seyedbehrangkaboudi/Personal-Local/Projects/NextJS/Anki/public/audio/sentences/s__297__sentence_en_meaning_fa__1770435188169.mp3,2026-02-07T03:33:08.169Z,Her skirt had deep pockets for her phone.,دامنش برای گوشی‌اش جیب‌های عمیق داشت.,دامنش برای گوشی‌اش جیب‌های عمیق داشت.,دامن او جیب‌های عمیقی برای گوشی داشت.,unique_legacy_word_with_same_english_sentence,1,f950377b3,2026-02-07T05:07:36.025Z,94.5,http://localhost:3000/words/tables/sentences?ids=297,55.2,1,very_high,historical_text_differs_from_current_text,9.2
391,s__391__sentence_en_meaning_fa__1770435199110.mp3,/Users/seyedbehrangkaboudi/Personal-Local/Projects/NextJS/Anki/public/audio/sentences/s__391__sentence_en_meaning_fa__1770435199110.mp3,2026-02-07T03:33:19.110Z,His shaver died halfway through shaving.,ماشین اصلاحش وسط اصلاح از کار افتاد.,ماشین اصلاحش وسط اصلاح از کار افتاد.,ریش تراش او وسط اصلاح خاموش شد.,unique_legacy_word_with_same_english_sentence,1,f950377b3,2026-02-07T05:07:36.025Z,94.3,http://localhost:3000/words/tables/sentences?ids=391,55.2,1,very_high,historical_text_differs_from_current_text,9.2
370,s__370__sentence_en_meaning_fa__1770435196701.mp3,/Users/seyedbehrangkaboudi/Personal-Local/Projects/NextJS/Anki/public/audio/sentences/s__370__sentence_en_meaning_fa__1770435196701.mp3,2026-02-07T03:33:16.701Z,He loosened the soil with a hand rake.,او خاک را با شن کش دستی شل کرد.,او خاک را با شن کش دستی شل کرد.,او با چنگک خاک را شل کرد.,unique_legacy_word_with_same_english_sentence,1,f950377b3,2026-02-07T05:07:36.025Z,94.3,http://localhost:3000/words/tables/sentences?ids=370,54.5,1,very_high,historical_text_differs_from_current_text,9.2
202,s__202__sentence_en_meaning_fa__1770435176745.mp3,/Users/seyedbehrangkaboudi/Personal-Local/Projects/NextJS/Anki/public/audio/sentences/s__202__sentence_en_meaning_fa__1770435176745.mp3,2026-02-07T03:32:56.745Z,I missed the bus by thirty seconds.,من اتوبوس را به اندازهٔ سی ثانیه از دست دادم.,من اتوبوس را به اندازهٔ سی ثانیه از دست دادم.,به اندازه سی ثانیه اتوبوس را از دست دادم.,unique_legacy_word_with_same_english_sentence,1,f950377b3,2026-02-07T05:07:36.025Z,94.7,http://localhost:3000/words/tables/sentences?ids=202,54.3,1,very_high,historical_text_differs_from_current_text,9.2
50,s__50__sentence_en_meaning_fa__1770435158422.mp3,/Users/seyedbehrangkaboudi/Personal-Local/Projects/NextJS/Anki/public/audio/sentences/s__50__sentence_en_meaning_fa__1770435158422.mp3,2026-02-07T03:32:38.422Z,He cleaned the coffee maker after use.,او دستگاه قهوه‌ساز را بعد از استفاده تمیز کردن.,او دستگاه قهوه‌ساز را بعد از استفاده تمیز کردن.,او بعد از استفاده قهوه ساز را تمیز کرد.,unique_legacy_word_with_same_english_sentence,1,f950377b3,2026-02-07T05:07:36.025Z,95,http://localhost:3000/words/tables/sentences?ids=50,54.1,1,very_high,historical_text_differs_from_current_text,9.2
372,s__372__sentence_en_meaning_fa__1770435196933.mp3,/Users/seyedbehrangkaboudi/Personal-Local/Projects/NextJS/Anki/public/audio/sentences/s__372__sentence_en_meaning_fa__1770435196933.mp3,2026-02-07T03:33:16.933Z,He turned on the radio during the drive.,او رادیو را حین رانندگی روشن کرد.,او رادیو را حین رانندگی روشن کرد.,او در طول رانندگی رادیو را روشن کرد.,unique_legacy_word_with_same_english_sentence,1,f950377b3,2026-02-07T05:07:36.025Z,94.3,http://localhost:3000/words/tables/sentences?ids=372,53.6,1,very_high,historical_text_differs_from_current_text,9.2
81,s__81__sentence_en_meaning_fa__1770435162286.mp3,/Users/seyedbehrangkaboudi/Personal-Local/Projects/NextJS/Anki/public/audio/sentences/s__81__sentence_en_meaning_fa__1770435162286.mp3,2026-02-07T03:32:42.286Z,He chose a coarse grater for carrots.,او یک رنده درشت برای هویج انتخاب کردن.,او یک رنده درشت برای هویج انتخاب کردن.,او برای هویج یک رنده درشت انتخاب کرد.,unique_legacy_word_with_same_english_sentence,1,f950377b3,2026-02-07T05:07:36.025Z,94.9,http://localhost:3000/words/tables/sentences?ids=81,53.3,1,very_high,historical_text_differs_from_current_text,9.2
352,s__352__sentence_en_meaning_fa__1770435194625.mp3,/Users/seyedbehrangkaboudi/Personal-Local/Projects/NextJS/Anki/public/audio/sentences/s__352__sentence_en_meaning_fa__1770435194625.mp3,2026-02-07T03:33:14.625Z,Her phone case cracked when she dropped it.,قاب گوشی‌اش وقتی آن را انداخت ترک برداشت.,قاب گوشی‌اش وقتی آن را انداخت ترک برداشت.,کاور گوشی او وقتی افتاد ترک خورد.,unique_legacy_word_with_same_english_sentence,1,f950377b3,2026-02-07T05:07:36.025Z,94.4,http://localhost:3000/words/tables/sentences?ids=352,53.1,1,very_high,historical_text_differs_from_current_text,9.2
106,s__106__sentence_en_meaning_fa__1770435165313.mp3,/Users/seyedbehrangkaboudi/Personal-Local/Projects/NextJS/Anki/public/audio/sentences/s__106__sentence_en_meaning_fa__1770435165313.mp3,2026-02-07T03:32:45.313Z,A glass sphere caught the sunlight on the shelf.,یک کرهٔ شیشه‌ای نور خورشید را روی قفسه گرفت.,یک کرهٔ شیشه‌ای نور خورشید را روی قفسه گرفت.,یک گوی شیشه ای روی قفسه نور خورشید را گرفت.,unique_legacy_word_with_same_english_sentence,1,f950377b3,2026-02-07T05:07:36.025Z,94.8,http://localhost:3000/words/tables/sentences?ids=106,52.9,1,very_high,historical_text_differs_from_current_text,9.2
227,s__227__sentence_en_meaning_fa__1770435179706.mp3,/Users/seyedbehrangkaboudi/Personal-Local/Projects/NextJS/Anki/public/audio/sentences/s__227__sentence_en_meaning_fa__1770435179706.mp3,2026-02-07T03:32:59.706Z,A crane lifted the steel beam into place.,یک جرثقیل تیر فولادی را به جایگاه بلند کرد.,یک جرثقیل تیر فولادی را به جایگاه بلند کرد.,جرثقیل تیرآهن را در جای خودش بالا برد.,unique_legacy_word_with_same_english_sentence,1,f950377b3,2026-02-07T05:07:36.025Z,94.6,http://localhost:3000/words/tables/sentences?ids=227,52.9,1,very_high,historical_text_differs_from_current_text,9.2
260,s__260__sentence_en_meaning_fa__1770435183770.mp3,/Users/seyedbehrangkaboudi/Personal-Local/Projects/NextJS/Anki/public/audio/sentences/s__260__sentence_en_meaning_fa__1770435183770.mp3,2026-02-07T03:33:03.770Z,She used a pin to mark the spot on the map.,او از یک سنجاق برای علامت زدن نقطه روی نقشه استفاده کرد.,او از یک سنجاق برای علامت زدن نقطه روی نقشه استفاده کرد.,او با سنجاق جای آن نقطه را روی نقشه علامت زد.,unique_legacy_word_with_same_english_sentence,1,f950377b3,2026-02-07T05:07:36.025Z,94.5,http://localhost:3000/words/tables/sentences?ids=260,52.3,1,very_high,historical_text_differs_from_current_text,9.2
225,s__225__sentence_en_meaning_fa__1770435179456.mp3,/Users/seyedbehrangkaboudi/Personal-Local/Projects/NextJS/Anki/public/audio/sentences/s__225__sentence_en_meaning_fa__1770435179456.mp3,2026-02-07T03:32:59.456Z,A fire truck raced past with its siren on.,یک ماشین آتش‌نشانی با سرعت رفتن عبور کرد در حالی که آژیرش روشن بود.,یک ماشین آتش‌نشانی با سرعت رفتن عبور کرد در حالی که آژیرش روشن بود.,یک ماشین آتش نشانی با آژیر روشن رد شد.,unique_legacy_word_with_same_english_sentence,1,f950377b3,2026-02-07T05:07:36.025Z,94.6,http://localhost:3000/words/tables/sentences?ids=225,51.9,1,very_high,historical_text_differs_from_current_text,9.2
369,s__369__sentence_en_meaning_fa__1770435196560.mp3,/Users/seyedbehrangkaboudi/Personal-Local/Projects/NextJS/Anki/public/audio/sentences/s__369__sentence_en_meaning_fa__1770435196560.mp3,2026-02-07T03:33:16.560Z,She trimmed the roses with pruning shears.,او رزها را با قیچی باغبانی هرس کرد.,او رزها را با قیچی باغبانی هرس کرد.,او با قیچی باغبانی رزها را کوتاه کرد.,unique_legacy_word_with_same_english_sentence,1,f950377b3,2026-02-07T05:07:36.025Z,94.3,http://localhost:3000/words/tables/sentences?ids=369,51.7,1,very_high,historical_text_differs_from_current_text,9.2
211,s__211__sentence_en_meaning_fa__1770435177842.mp3,/Users/seyedbehrangkaboudi/Personal-Local/Projects/NextJS/Anki/public/audio/sentences/s__211__sentence_en_meaning_fa__1770435177842.mp3,2026-02-07T03:32:57.842Z,A cargo ship waited offshore for its turn.,یک کشتی باری دور از ساحل برای نوبت خود منتظر ماند.,یک کشتی باری دور از ساحل برای نوبت خود منتظر ماند.,یک کشتی باری بیرون از ساحل منتظر نوبتش بود.,unique_legacy_word_with_same_english_sentence,1,f950377b3,2026-02-07T05:07:36.025Z,94.6,http://localhost:3000/words/tables/sentences?ids=211,51.3,1,very_high,historical_text_differs_from_current_text,9.2
250,s__250__sentence_en_meaning_fa__1770435182611.mp3,/Users/seyedbehrangkaboudi/Personal-Local/Projects/NextJS/Anki/public/audio/sentences/s__250__sentence_en_meaning_fa__1770435182611.mp3,2026-02-07T03:33:02.611Z,I ran out of paper halfway through printing.,من در نیمه راه چاپ کردن کاغذ تمام شد.,من در نیمه راه چاپ کردن کاغذ تمام شد.,من وسط چاپ کاغذم تمام شد.,unique_legacy_word_with_same_english_sentence,1,f950377b3,2026-02-07T05:07:36.025Z,94.6,http://localhost:3000/words/tables/sentences?ids=250,50,1,very_high,historical_text_differs_from_current_text,9.2
347,s__347__sentence_en_meaning_fa__1770435194021.mp3,/Users/seyedbehrangkaboudi/Personal-Local/Projects/NextJS/Anki/public/audio/sentences/s__347__sentence_en_meaning_fa__1770435194021.mp3,2026-02-07T03:33:14.021Z,He used a trimmer to tidy his beard.,او از ماشین اصلاح برای مرتب کردن ریشش استفاده کرد.,او از ماشین اصلاح برای مرتب کردن ریشش استفاده کرد.,او با ماشین اصلاح ریشش را مرتب کرد.,unique_legacy_word_with_same_english_sentence,1,f950377b3,2026-02-07T05:07:36.025Z,94.4,http://localhost:3000/words/tables/sentences?ids=347,50,1,very_high,historical_text_differs_from_current_text,9.2
238,s__238__sentence_en_meaning_fa__1770435181187.mp3,/Users/seyedbehrangkaboudi/Personal-Local/Projects/NextJS/Anki/public/audio/sentences/s__238__sentence_en_meaning_fa__1770435181187.mp3,2026-02-07T03:33:01.187Z,We played dominoes at the kitchen table.,ما دومینو را روی میز آشپزخانه بازی کردیم.,ما دومینو را روی میز آشپزخانه بازی کردیم.,ما سر میز آشپزخانه دومینو بازی کردیم.,unique_legacy_word_with_same_english_sentence,1,f950377b3,2026-02-07T05:07:36.025Z,94.6,http://localhost:3000/words/tables/sentences?ids=238,48.5,1,high,historical_text_differs_from_current_text,9.2
41,s__41__sentence_en_meaning_fa__1770435157169.mp3,/Users/seyedbehrangkaboudi/Personal-Local/Projects/NextJS/Anki/public/audio/sentences/s__41__sentence_en_meaning_fa__1770435157169.mp3,2026-02-07T03:32:37.169Z,The sauce sat in a small bowl.,سس در یک کاسه کوچک قرار داشتن.,سس در یک کاسه کوچک قرار داشتن.,سس در یک پیاله کوچک بود.,unique_legacy_word_with_same_english_sentence,1,f950377b3,2026-02-07T05:07:36.025Z,95,http://localhost:3000/words/tables/sentences?ids=41,47.8,1,high,historical_text_differs_from_current_text,9.2
210,s__210__sentence_en_meaning_fa__1770435177737.mp3,/Users/seyedbehrangkaboudi/Personal-Local/Projects/NextJS/Anki/public/audio/sentences/s__210__sentence_en_meaning_fa__1770435177737.mp3,2026-02-07T03:32:57.737Z,We saw a dhow anchored near the harbor.,ما یک لنج را دیدیم که نزدیک بندر لنگر انداختن.,ما یک لنج را دیدیم که نزدیک بندر لنگر انداختن.,ما یک لنج را نزدیک بندر دیدیم.,unique_legacy_word_with_same_english_sentence,1,f950377b3,2026-02-07T05:07:36.025Z,94.6,http://localhost:3000/words/tables/sentences?ids=210,47.2,1,high,historical_text_differs_from_current_text,9.2
233,s__233__sentence_en_meaning_fa__1770435180618.mp3,/Users/seyedbehrangkaboudi/Personal-Local/Projects/NextJS/Anki/public/audio/sentences/s__233__sentence_en_meaning_fa__1770435180618.mp3,2026-02-07T03:33:00.618Z,He practiced tricks with his yo-yo after school.,او بعد از مدرسه حرکت نمایشی با یویو تمرین کرد.,او بعد از مدرسه حرکت نمایشی با یویو تمرین کرد.,او بعد از مدرسه با یویو تمرین ترفند می‌کرد.,unique_legacy_word_with_same_english_sentence,1,f950377b3,2026-02-07T05:07:36.025Z,94.6,http://localhost:3000/words/tables/sentences?ids=233,47.2,1,high,historical_text_differs_from_current_text,9.2
306,s__306__sentence_en_meaning_fa__1770435189228.mp3,/Users/seyedbehrangkaboudi/Personal-Local/Projects/NextJS/Anki/public/audio/sentences/s__306__sentence_en_meaning_fa__1770435189228.mp3,2026-02-07T03:33:09.228Z,He wore an undershirt under his dress shirt.,او زیر پیراهن رسمی‌اش یک زیرپیراهنی پوشید.,او زیر پیراهن رسمی‌اش یک زیرپیراهنی پوشید.,او زیرپوش را زیر پیراهن رسمی‌اش پوشید.,unique_legacy_word_with_same_english_sentence,1,f950377b3,2026-02-07T05:07:36.025Z,94.4,http://localhost:3000/words/tables/sentences?ids=306,47.1,1,high,historical_text_differs_from_current_text,9.2
388,s__388__sentence_en_meaning_fa__1770435198789.mp3,/Users/seyedbehrangkaboudi/Personal-Local/Projects/NextJS/Anki/public/audio/sentences/s__388__sentence_en_meaning_fa__1770435198789.mp3,2026-02-07T03:33:18.789Z,She fixed the hem with her sewing machine.,او لبه لباس را با چرخ خیاطی‌اش درست کرد.,او لبه لباس را با چرخ خیاطی‌اش درست کرد.,او با چرخ خیاطی لبه را درست کرد.,unique_legacy_word_with_same_english_sentence,1,f950377b3,2026-02-07T05:07:36.025Z,94.3,http://localhost:3000/words/tables/sentences?ids=388,46.7,1,high,historical_text_differs_from_current_text,9.2
308,s__308__sentence_en_meaning_fa__1770435189472.mp3,/Users/seyedbehrangkaboudi/Personal-Local/Projects/NextJS/Anki/public/audio/sentences/s__308__sentence_en_meaning_fa__1770435189472.mp3,2026-02-07T03:33:09.472Z,She buttoned her coat before stepping outside.,او قبل از قدم گذاشتن به بیرون، کتش را دکمه کرد.,او قبل از قدم گذاشتن به بیرون، کتش را دکمه کرد.,او قبل از بیرون رفتن پالتو را دکمه کرد.,unique_legacy_word_with_same_english_sentence,1,f950377b3,2026-02-07T05:07:36.025Z,94.4,http://localhost:3000/words/tables/sentences?ids=308,45.7,1,high,historical_text_differs_from_current_text,9.2
313,s__313__sentence_en_meaning_fa__1770435190046.mp3,/Users/seyedbehrangkaboudi/Personal-Local/Projects/NextJS/Anki/public/audio/sentences/s__313__sentence_en_meaning_fa__1770435190046.mp3,2026-02-07T03:33:10.046Z,Everyone wore the same uniform at the restaurant.,همه در رستوران یک یونیفرم یکسان پوشیدند.,همه در رستوران یک یونیفرم یکسان پوشیدند.,همه در رستوران لباس فرم پوشیده بودند.,unique_legacy_word_with_same_english_sentence,1,f950377b3,2026-02-07T05:07:36.025Z,94.4,http://localhost:3000/words/tables/sentences?ids=313,45.5,1,high,historical_text_differs_from_current_text,9.2
318,s__318__sentence_en_meaning_fa__1770435190643.mp3,/Users/seyedbehrangkaboudi/Personal-Local/Projects/NextJS/Anki/public/audio/sentences/s__318__sentence_en_meaning_fa__1770435190643.mp3,2026-02-07T03:33:10.643Z,Her boots were soaked after the hike.,چکمه‌هایش بعد از پیاده‌روی خیس بودند.,چکمه‌هایش بعد از پیاده‌روی خیس بودند.,بوت بعد از پیاده‌روی خیس شده بود.,unique_legacy_word_with_same_english_sentence,1,f950377b3,2026-02-07T05:07:36.025Z,94.4,http://localhost:3000/words/tables/sentences?ids=318,44.8,1,high,historical_text_differs_from_current_text,9.2
234,s__234__sentence_en_meaning_fa__1770435180730.mp3,/Users/seyedbehrangkaboudi/Personal-Local/Projects/NextJS/Anki/public/audio/sentences/s__234__sentence_en_meaning_fa__1770435180730.mp3,2026-02-07T03:33:00.730Z,She kept the hula hoop spinning around her waist.,او حلقه هولاهوپ را دور کمرش در حال چرخش نگه داشت.,او حلقه هولاهوپ را دور کمرش در حال چرخش نگه داشت.,او حلقه بازی را دور کمرش می‌چرخاند.,unique_legacy_word_with_same_english_sentence,1,f950377b3,2026-02-07T05:07:36.025Z,94.6,http://localhost:3000/words/tables/sentences?ids=234,44.7,1,high,historical_text_differs_from_current_text,9.2
35,s__35__sentence_en_meaning_fa__1770435156280.mp3,/Users/seyedbehrangkaboudi/Personal-Local/Projects/NextJS/Anki/public/audio/sentences/s__35__sentence_en_meaning_fa__1770435156280.mp3,2026-02-07T03:32:36.280Z,She reached for the salt shaker during dinner.,او در طول شام به سمت نمکدان دست دراز کردن.,او در طول شام به سمت نمکدان دست دراز کردن.,او هنگام شام دستش را به سمت نمکدان دراز کرد.,unique_legacy_word_with_same_english_sentence,1,f950377b3,2026-02-07T05:07:36.025Z,95,http://localhost:3000/words/tables/sentences?ids=35,44.1,1,high,historical_text_differs_from_current_text,9.2
48,s__48__sentence_en_meaning_fa__1770435158138.mp3,/Users/seyedbehrangkaboudi/Personal-Local/Projects/NextJS/Anki/public/audio/sentences/s__48__sentence_en_meaning_fa__1770435158138.mp3,2026-02-07T03:32:38.138Z,The toaster popped up the bread.,توستر نان را بالا پریدن.,توستر نان را بالا پریدن.,توستر نان را بیرون انداخت.,unique_legacy_word_with_same_english_sentence,1,f950377b3,2026-02-07T05:07:36.025Z,95,http://localhost:3000/words/tables/sentences?ids=48,42.9,1,high,historical_text_differs_from_current_text,9.2
162,s__162__sentence_en_meaning_fa__1770435172083.mp3,/Users/seyedbehrangkaboudi/Personal-Local/Projects/NextJS/Anki/public/audio/sentences/s__162__sentence_en_meaning_fa__1770435172083.mp3,2026-02-07T03:32:52.083Z,She shaped the clay into a small bowl.,او خاک رس را به یک کاسهٔ کوچک شکل داد.,او خاک رس را به یک کاسهٔ کوچک شکل داد.,او رس را به شکل یک کاسه کوچک درآورد.,unique_legacy_word_with_same_english_sentence,1,f950377b3,2026-02-07T05:07:36.025Z,94.7,http://localhost:3000/words/tables/sentences?ids=162,42.9,1,high,historical_text_differs_from_current_text,9.2
93,s__93__sentence_en_meaning_fa__1770435163652.mp3,/Users/seyedbehrangkaboudi/Personal-Local/Projects/NextJS/Anki/public/audio/sentences/s__93__sentence_en_meaning_fa__1770435163652.mp3,2026-02-07T03:32:43.652Z,Vegetables cooked quickly in the wok.,سبزی‌ها در تابه ووک به‌سرعت پختند.,سبزی‌ها در تابه ووک به‌سرعت پختند.,سبزیجات در وُک سریع پختند.,unique_legacy_word_with_same_english_sentence,1,f950377b3,2026-02-07T05:07:36.025Z,94.9,http://localhost:3000/words/tables/sentences?ids=93,42.3,1,high,historical_text_differs_from_current_text,9.2
209,s__209__sentence_en_meaning_fa__1770435177631.mp3,/Users/seyedbehrangkaboudi/Personal-Local/Projects/NextJS/Anki/public/audio/sentences/s__209__sentence_en_meaning_fa__1770435177631.mp3,2026-02-07T03:32:57.631Z,The ship pulled into port at dawn.,کشتی در سپیده دم وارد شدن بندر شد.,کشتی در سپیده دم وارد شدن بندر شد.,کشتی سحر وارد بندر شد.,unique_legacy_word_with_same_english_sentence,1,f950377b3,2026-02-07T05:07:36.025Z,94.6,http://localhost:3000/words/tables/sentences?ids=209,42.3,1,high,historical_text_differs_from_current_text,9.2
271,s__271__sentence_en_meaning_fa__1770435185002.mp3,/Users/seyedbehrangkaboudi/Personal-Local/Projects/NextJS/Anki/public/audio/sentences/s__271__sentence_en_meaning_fa__1770435185002.mp3,2026-02-07T03:33:05.002Z,That chair is surprisingly comfortable for long meetings.,آن صندلی برای جلسات طولانی به طرز شگفت انگیز راحت است.,آن صندلی برای جلسات طولانی به طرز شگفت انگیز راحت است.,این صندلی برای جلسه‌های طولانی خیلی راحت است.,unique_legacy_word_with_same_english_sentence,1,f950377b3,2026-02-07T05:07:36.025Z,94.5,http://localhost:3000/words/tables/sentences?ids=271,41.9,1,high,historical_text_differs_from_current_text,9.2
241,s__241__sentence_en_meaning_fa__1770435181513.mp3,/Users/seyedbehrangkaboudi/Personal-Local/Projects/NextJS/Anki/public/audio/sentences/s__241__sentence_en_meaning_fa__1770435181513.mp3,2026-02-07T03:33:01.513Z,The security guard carried a gun on his belt.,نگهبان امنیت یک اسلحه روی کمربندش حمل می‌کرد.,نگهبان امنیت یک اسلحه روی کمربندش حمل می‌کرد.,نگهبان امنیتی یک تفنگ روی کمربند داشت.,unique_legacy_word_with_same_english_sentence,1,f950377b3,2026-02-07T05:07:36.025Z,94.6,http://localhost:3000/words/tables/sentences?ids=241,41.7,1,high,historical_text_differs_from_current_text,9.2
249,s__249__sentence_en_meaning_fa__1770435182473.mp3,/Users/seyedbehrangkaboudi/Personal-Local/Projects/NextJS/Anki/public/audio/sentences/s__249__sentence_en_meaning_fa__1770435182473.mp3,2026-02-07T03:33:02.473Z,The pencil sharpener is jammed again.,مداد تراش دوباره گیر کردن.,مداد تراش دوباره گیر کردن.,تراش مداد دوباره گیر کرده است.,unique_legacy_word_with_same_english_sentence,1,f950377b3,2026-02-07T05:07:36.025Z,94.6,http://localhost:3000/words/tables/sentences?ids=249,41.7,1,high,historical_text_differs_from_current_text,9.2
316,s__316__sentence_en_meaning_fa__1770435190407.mp3,/Users/seyedbehrangkaboudi/Personal-Local/Projects/NextJS/Anki/public/audio/sentences/s__316__sentence_en_meaning_fa__1770435190407.mp3,2026-02-07T03:33:10.407Z,He showed up in a tracksuit and a cap.,او با یک گرمکن ورزشی و یک کلاه ظاهر شد.,او با یک گرمکن ورزشی و یک کلاه ظاهر شد.,او با گرمکن و یک کلاه آمد.,unique_legacy_word_with_same_english_sentence,1,f950377b3,2026-02-07T05:07:36.025Z,94.4,http://localhost:3000/words/tables/sentences?ids=316,41.4,1,high,historical_text_differs_from_current_text,9.2
64,s__64__sentence_en_meaning_fa__1770435160168.mp3,/Users/seyedbehrangkaboudi/Personal-Local/Projects/NextJS/Anki/public/audio/sentences/s__64__sentence_en_meaning_fa__1770435160168.mp3,2026-02-07T03:32:40.168Z,The cookies stayed fresh in an airtight container.,کوکی‌ها در یک ظرف دربسته تازه باقی ماندن.,کوکی‌ها در یک ظرف دربسته تازه باقی ماندن.,کلوچه‌ها در ظرف درب دار تازه ماندند.,unique_legacy_word_with_same_english_sentence,1,f950377b3,2026-02-07T05:07:36.025Z,94.9,http://localhost:3000/words/tables/sentences?ids=64,40.6,1,high,historical_text_differs_from_current_text,9.2
214,s__214__sentence_en_meaning_fa__1770435178186.mp3,/Users/seyedbehrangkaboudi/Personal-Local/Projects/NextJS/Anki/public/audio/sentences/s__214__sentence_en_meaning_fa__1770435178186.mp3,2026-02-07T03:32:58.186Z,A helicopter hovered over the highway.,یک هلیکوپتر بر فراز بزرگراه معلق ماندن.,یک هلیکوپتر بر فراز بزرگراه معلق ماندن.,یک بالگرد بالای بزرگراه معلق ماند.,unique_legacy_word_with_same_english_sentence,1,f950377b3,2026-02-07T05:07:36.025Z,94.6,http://localhost:3000/words/tables/sentences?ids=214,40.6,1,high,historical_text_differs_from_current_text,9.2
277,s__277__sentence_en_meaning_fa__1770435185701.mp3,/Users/seyedbehrangkaboudi/Personal-Local/Projects/NextJS/Anki/public/audio/sentences/s__277__sentence_en_meaning_fa__1770435185701.mp3,2026-02-07T03:33:05.701Z,The bookshelf in my office is completely full.,قفسه کتاب در دفتر کار من کاملاً پر است.,قفسه کتاب در دفتر کار من کاملاً پر است.,کتابخانه اتاق کارم کاملاً پر است.,unique_legacy_word_with_same_english_sentence,1,f950377b3,2026-02-07T05:07:36.025Z,94.5,http://localhost:3000/words/tables/sentences?ids=277,40,1,high,historical_text_differs_from_current_text,9.2
324,s__324__sentence_en_meaning_fa__1770435191301.mp3,/Users/seyedbehrangkaboudi/Personal-Local/Projects/NextJS/Anki/public/audio/sentences/s__324__sentence_en_meaning_fa__1770435191301.mp3,2026-02-07T03:33:11.301Z,She adjusted her headscarf before leaving the house.,او قبل از ترک کردن خانه روسری‌اش را تنظیم کرد.,او قبل از ترک کردن خانه روسری‌اش را تنظیم کرد.,او پیش از بیرون رفتن روسری را تنظیم کرد.,unique_legacy_word_with_same_english_sentence,1,f950377b3,2026-02-07T05:07:36.025Z,94.4,http://localhost:3000/words/tables/sentences?ids=324,40,1,high,historical_text_differs_from_current_text,9.2
373,s__373__sentence_en_meaning_fa__1770435197046.mp3,/Users/seyedbehrangkaboudi/Personal-Local/Projects/NextJS/Anki/public/audio/sentences/s__373__sentence_en_meaning_fa__1770435197046.mp3,2026-02-07T03:33:17.046Z,This speaker is loud enough for the backyard.,این بلندگو برای حیاط به اندازه کافی بلند است.,این بلندگو برای حیاط به اندازه کافی بلند است.,این اسپیکر برای حیاط کافی بلند است.,unique_legacy_word_with_same_english_sentence,1,f950377b3,2026-02-07T05:07:36.025Z,94.3,http://localhost:3000/words/tables/sentences?ids=373,38.9,1,high,historical_text_differs_from_current_text,9.2
85,s__85__sentence_en_meaning_fa__1770435162772.mp3,/Users/seyedbehrangkaboudi/Personal-Local/Projects/NextJS/Anki/public/audio/sentences/s__85__sentence_en_meaning_fa__1770435162772.mp3,2026-02-07T03:32:42.772Z,He crushed garlic using the pestle.,او سیر را با استفاده از دسته هاون له کرد.,او سیر را با استفاده از دسته هاون له کرد.,او سیر را با دسته هاون خرد کرد.,unique_legacy_word_with_same_english_sentence,1,f950377b3,2026-02-07T05:07:36.025Z,94.9,http://localhost:3000/words/tables/sentences?ids=85,38.7,1,high,historical_text_differs_from_current_text,9.2
292,s__292__sentence_en_meaning_fa__1770435187556.mp3,/Users/seyedbehrangkaboudi/Personal-Local/Projects/NextJS/Anki/public/audio/sentences/s__292__sentence_en_meaning_fa__1770435187556.mp3,2026-02-07T03:33:07.556Z,She zipped up her hoodie before heading out.,او قبل از رفتن بیرون، هودی‌اش را زیپ کشید.,او قبل از رفتن بیرون، هودی‌اش را زیپ کشید.,او قبل از بیرون رفتن هودی را زیپ کرد.,unique_legacy_word_with_same_english_sentence,1,f950377b3,2026-02-07T05:07:36.025Z,94.5,http://localhost:3000/words/tables/sentences?ids=292,38.7,1,high,historical_text_differs_from_current_text,9.2
357,s__357__sentence_en_meaning_fa__1770435195203.mp3,/Users/seyedbehrangkaboudi/Personal-Local/Projects/NextJS/Anki/public/audio/sentences/s__357__sentence_en_meaning_fa__1770435195203.mp3,2026-02-07T03:33:15.203Z,An adjustable wrench works for different bolt sizes.,یک آچار قابل تنظیم برای اندازه‌های مختلف پیچ کار می‌کند.,یک آچار قابل تنظیم برای اندازه‌های مختلف پیچ کار می‌کند.,یک آچار فرانسه برای پیچ‌های مختلف کار می‌کند.,unique_legacy_word_with_same_english_sentence,1,f950377b3,2026-02-07T05:07:36.025Z,94.3,http://localhost:3000/words/tables/sentences?ids=357,38.6,1,high,historical_text_differs_from_current_text,9.2
147,s__147__sentence_en_meaning_fa__1770435170254.mp3,/Users/seyedbehrangkaboudi/Personal-Local/Projects/NextJS/Anki/public/audio/sentences/s__147__sentence_en_meaning_fa__1770435170254.mp3,2026-02-07T03:32:50.254Z,I can't find my wallet anywhere.,من کیف پولم را هیچ جا پیدا نمی‌کنم.,من کیف پولم را هیچ جا پیدا نمی‌کنم.,هیچ‌جا کیف پولم را پیدا نمی‌کنم.,unique_legacy_word_with_same_english_sentence,1,f950377b3,2026-02-07T05:07:36.025Z,94.8,http://localhost:3000/words/tables/sentences?ids=147,38.5,1,high,historical_text_differs_from_current_text,9.2
90,s__90__sentence_en_meaning_fa__1770435163331.mp3,/Users/seyedbehrangkaboudi/Personal-Local/Projects/NextJS/Anki/public/audio/sentences/s__90__sentence_en_meaning_fa__1770435163331.mp3,2026-02-07T03:32:43.331Z,Eggs slid easily in the non-stick pan.,تخم‌مرغ‌ها در ماهیتابهٔ نچسب به راحتی لغزیدند.,تخم‌مرغ‌ها در ماهیتابهٔ نچسب به راحتی لغزیدند.,تخم‌مرغ‌ها در تابه نچسب راحت سر می‌خوردند.,unique_legacy_word_with_same_english_sentence,1,f950377b3,2026-02-07T05:07:36.025Z,94.9,http://localhost:3000/words/tables/sentences?ids=90,37.8,1,high,historical_text_differs_from_current_text,9.2
96,s__96__sentence_en_meaning_fa__1770435164041.mp3,/Users/seyedbehrangkaboudi/Personal-Local/Projects/NextJS/Anki/public/audio/sentences/s__96__sentence_en_meaning_fa__1770435164041.mp3,2026-02-07T03:32:44.041Z,He poured dough into the loaf pan.,او مایه کیک را در قالب نان ریخت.,او مایه کیک را در قالب نان ریخت.,او خمیر را داخل قالب نان ریخت.,unique_legacy_word_with_same_english_sentence,1,f950377b3,2026-02-07T05:07:36.025Z,94.9,http://localhost:3000/words/tables/sentences?ids=96,37.5,1,high,historical_text_differs_from_current_text,9.2
339,s__339__sentence_en_meaning_fa__1770435193039.mp3,/Users/seyedbehrangkaboudi/Personal-Local/Projects/NextJS/Anki/public/audio/sentences/s__339__sentence_en_meaning_fa__1770435193039.mp3,2026-02-07T03:33:13.039Z,I put on headphones to focus at work.,من برای تمرکز کردن در محل کار هدفون می‌گذارم.,من برای تمرکز کردن در محل کار هدفون می‌گذارم.,برای تمرکز در کار هدفون گذاشتم.,unique_legacy_word_with_same_english_sentence,1,f950377b3,2026-02-07T05:07:36.025Z,94.4,http://localhost:3000/words/tables/sentences?ids=339,37.1,1,high,historical_text_differs_from_current_text,9.2
24,s__24__sentence_en_meaning_fa__1770435154813.mp3,/Users/seyedbehrangkaboudi/Personal-Local/Projects/NextJS/Anki/public/audio/sentences/s__24__sentence_en_meaning_fa__1770435154813.mp3,2026-02-07T03:32:34.813Z,The bathroom is down the hall on the right.,حمام پایینِ راهرو در سمت راست است.,حمام پایینِ راهرو در سمت راست است.,دستشویی پایین راهرو سمت راست است.,unique_legacy_word_with_same_english_sentence,1,f950377b3,2026-02-07T05:07:36.025Z,95,http://localhost:3000/words/tables/sentences?ids=24,37,1,high,historical_text_differs_from_current_text,9.2
175,s__175__sentence_en_meaning_fa__1770435173584.mp3,/Users/seyedbehrangkaboudi/Personal-Local/Projects/NextJS/Anki/public/audio/sentences/s__175__sentence_en_meaning_fa__1770435173584.mp3,2026-02-07T03:32:53.584Z,"He has a nut allergy, so he skips dessert.",او به آجیل حساسیت دارد، برای همین دسر را نمی‌خورد.,او به آجیل حساسیت دارد، برای همین دسر را نمی‌خورد.,او به آجیل حساسیت دارد، پس دسر را کنار می‌گذارد.,unique_legacy_word_with_same_english_sentence,1,f950377b3,2026-02-07T05:07:36.025Z,94.7,http://localhost:3000/words/tables/sentences?ids=175,36.8,1,high,historical_text_differs_from_current_text,9.2
63,s__63__sentence_en_meaning_fa__1770435160062.mp3,/Users/seyedbehrangkaboudi/Personal-Local/Projects/NextJS/Anki/public/audio/sentences/s__63__sentence_en_meaning_fa__1770435160062.mp3,2026-02-07T03:32:40.062Z,She stored rice in a storage container.,او برنج را در یک ظرف نگهداری ذخیره کرد.,او برنج را در یک ظرف نگهداری ذخیره کرد.,او برنج را در ظرف نگهدارنده نگه داشت.,unique_legacy_word_with_same_english_sentence,1,f950377b3,2026-02-07T05:07:36.025Z,94.9,http://localhost:3000/words/tables/sentences?ids=63,36.7,1,high,historical_text_differs_from_current_text,9.2
317,s__317__sentence_en_meaning_fa__1770435190505.mp3,/Users/seyedbehrangkaboudi/Personal-Local/Projects/NextJS/Anki/public/audio/sentences/s__317__sentence_en_meaning_fa__1770435190505.mp3,2026-02-07T03:33:10.505Z,"Take off your shoes at the door, please.",لطفاً کفش‌هایت را دم در درآوردن.,لطفاً کفش‌هایت را دم در درآوردن.,لطفاً کفش را دم در دربیار.,unique_legacy_word_with_same_english_sentence,1,f950377b3,2026-02-07T05:07:36.025Z,94.4,http://localhost:3000/words/tables/sentences?ids=317,36,1,high,historical_text_differs_from_current_text,9.2
261,s__261__sentence_en_meaning_fa__1770435183881.mp3,/Users/seyedbehrangkaboudi/Personal-Local/Projects/NextJS/Anki/public/audio/sentences/s__261__sentence_en_meaning_fa__1770435183881.mp3,2026-02-07T03:33:03.881Z,I used tape to seal the package.,من از چسب برای مهر و موم کردن بسته استفاده کردم.,من از چسب برای مهر و موم کردن بسته استفاده کردم.,از نوارچسب برای چسباندن بسته استفاده کردم.,unique_legacy_word_with_same_english_sentence,1,f950377b3,2026-02-07T05:07:36.025Z,94.5,http://localhost:3000/words/tables/sentences?ids=261,35.1,1,high,historical_text_differs_from_current_text,9.2
65,s__65__sentence_en_meaning_fa__1770435160272.mp3,/Users/seyedbehrangkaboudi/Personal-Local/Projects/NextJS/Anki/public/audio/sentences/s__65__sentence_en_meaning_fa__1770435160272.mp3,2026-02-07T03:32:40.272Z,He opened a jar of pickles.,او یک شیشه خیارشور را باز کرد.,او یک شیشه خیارشور را باز کرد.,او یک کوزه ترشی را باز کرد.,unique_legacy_word_with_same_english_sentence,1,f950377b3,2026-02-07T05:07:36.025Z,94.9,http://localhost:3000/words/tables/sentences?ids=65,34.8,1,high,historical_text_differs_from_current_text,9.2
49,s__49__sentence_en_meaning_fa__1770435158274.mp3,/Users/seyedbehrangkaboudi/Personal-Local/Projects/NextJS/Anki/public/audio/sentences/s__49__sentence_en_meaning_fa__1770435158274.mp3,2026-02-07T03:32:38.274Z,The tea maker finished brewing quickly.,چای‌ساز دم کردن را سریع تمام کردن.,چای‌ساز دم کردن را سریع تمام کردن.,چای ساز سریع دم‌کردن را تمام کرد.,unique_legacy_word_with_same_english_sentence,1,f950377b3,2026-02-07T05:07:36.025Z,95,http://localhost:3000/words/tables/sentences?ids=49,34.6,1,high,historical_text_differs_from_current_text,9.2
310,s__310__sentence_en_meaning_fa__1770435189715.mp3,/Users/seyedbehrangkaboudi/Personal-Local/Projects/NextJS/Anki/public/audio/sentences/s__310__sentence_en_meaning_fa__1770435189715.mp3,2026-02-07T03:33:09.715Z,"This sweater is itchy, but it’s warm.",این پلیور خارشو است، اما گرم است.,این پلیور خارشو است، اما گرم است.,این پلیور اذیت می‌کند، اما گرم است.,unique_legacy_word_with_same_english_sentence,1,f950377b3,2026-02-07T05:07:36.025Z,94.4,http://localhost:3000/words/tables/sentences?ids=310,34.6,1,high,historical_text_differs_from_current_text,9.2
259,s__259__sentence_en_meaning_fa__1770435183662.mp3,/Users/seyedbehrangkaboudi/Personal-Local/Projects/NextJS/Anki/public/audio/sentences/s__259__sentence_en_meaning_fa__1770435183662.mp3,2026-02-07T03:33:03.662Z,Use a clip to hold those receipts together.,از یک گیره برای نگه داشتن آن رسیدها با هم استفاده کن.,از یک گیره برای نگه داشتن آن رسیدها با هم استفاده کن.,برای نگه‌داشتن آن رسیدها از گیره استفاده کن.,unique_legacy_word_with_same_english_sentence,1,f950377b3,2026-02-07T05:07:36.025Z,94.5,http://localhost:3000/words/tables/sentences?ids=259,34.1,1,high,historical_text_differs_from_current_text,9.2
171,s__171__sentence_en_meaning_fa__1770435173155.mp3,/Users/seyedbehrangkaboudi/Personal-Local/Projects/NextJS/Anki/public/audio/sentences/s__171__sentence_en_meaning_fa__1770435173155.mp3,2026-02-07T03:32:53.155Z,Moss covered the rocks by the creek.,خزه سنگ‌ها را کنار جویبار پوشاند.,خزه سنگ‌ها را کنار جویبار پوشاند.,خزه روی سنگ‌ها کنار جویبار را پوشانده بود.,unique_legacy_word_with_same_english_sentence,1,f950377b3,2026-02-07T05:07:36.025Z,94.7,http://localhost:3000/words/tables/sentences?ids=171,33.3,1,high,historical_text_differs_from_current_text,9.2
328,s__328__sentence_en_meaning_fa__1770435191742.mp3,/Users/seyedbehrangkaboudi/Personal-Local/Projects/NextJS/Anki/public/audio/sentences/s__328__sentence_en_meaning_fa__1770435191742.mp3,2026-02-07T03:33:11.742Z,I can't read without my glasses.,من بدون عینکم نمی‌توانم خواندن انجام دهم.,من بدون عینکم نمی‌توانم خواندن انجام دهم.,من بدون عینک نمی‌توانم بخوانم.,unique_legacy_word_with_same_english_sentence,1,f950377b3,2026-02-07T05:07:36.025Z,94.4,http://localhost:3000/words/tables/sentences?ids=328,33.3,1,high,historical_text_differs_from_current_text,9.2
340,s__340__sentence_en_meaning_fa__1770435193178.mp3,/Users/seyedbehrangkaboudi/Personal-Local/Projects/NextJS/Anki/public/audio/sentences/s__340__sentence_en_meaning_fa__1770435193178.mp3,2026-02-07T03:33:13.178Z,She lost one earphone on the subway.,او یک ایرباد را در مترو گم کرد.,او یک ایرباد را در مترو گم کرد.,او یکی از هندزفری را در مترو گم کرد.,unique_legacy_word_with_same_english_sentence,1,f950377b3,2026-02-07T05:07:36.025Z,94.4,http://localhost:3000/words/tables/sentences?ids=340,33.3,1,high,historical_text_differs_from_current_text,9.2
1,s__1__sentence_en_meaning_fa__1770435151269.mp3,/Users/seyedbehrangkaboudi/Personal-Local/Projects/NextJS/Anki/public/audio/sentences/s__1__sentence_en_meaning_fa__1770435151269.mp3,2026-02-07T03:32:31.269Z,The man waited quietly at the bus stop.,مرد در ایستگاه اتوبوس به آرامی منتظر ماند.,مرد در ایستگاه اتوبوس به آرامی منتظر ماند.,مرد آرام در ایستگاه اتوبوس منتظر ماند.,unique_legacy_word_with_same_english_sentence,1,f950377b3,2026-02-07T05:07:36.025Z,95.1,http://localhost:3000/words/tables/sentences?ids=1,32.4,1,high,historical_text_differs_from_current_text,9.2
228,s__228__sentence_en_meaning_fa__1770435179850.mp3,/Users/seyedbehrangkaboudi/Personal-Local/Projects/NextJS/Anki/public/audio/sentences/s__228__sentence_en_meaning_fa__1770435179850.mp3,2026-02-07T03:32:59.850Z,My niece carries her doll everywhere she goes.,خواهرزاده من عروسکش را همه جا حمل می‌کند.,خواهرزاده من عروسکش را همه جا حمل می‌کند.,خواهرزاده‌ام عروسک را همه‌جا با خودش می‌برد.,unique_legacy_word_with_same_english_sentence,1,f950377b3,2026-02-07T05:07:36.025Z,94.6,http://localhost:3000/words/tables/sentences?ids=228,32.4,1,high,historical_text_differs_from_current_text,9.2
127,s__127__sentence_en_meaning_fa__1770435167789.mp3,/Users/seyedbehrangkaboudi/Personal-Local/Projects/NextJS/Anki/public/audio/sentences/s__127__sentence_en_meaning_fa__1770435167789.mp3,2026-02-07T03:32:47.789Z,Can you pass me the ruler for this?,می‌توانی خط‌کش را برای این به من بدهی؟,می‌توانی خط‌کش را برای این به من بدهی؟,می‌تونی خط کش را به من بدی؟,unique_legacy_word_with_same_english_sentence,1,f950377b3,2026-02-07T05:07:36.025Z,94.8,http://localhost:3000/words/tables/sentences?ids=127,32.1,1,high,historical_text_differs_from_current_text,9.2
92,s__92__sentence_en_meaning_fa__1770435163546.mp3,/Users/seyedbehrangkaboudi/Personal-Local/Projects/NextJS/Anki/public/audio/sentences/s__92__sentence_en_meaning_fa__1770435163546.mp3,2026-02-07T03:32:43.546Z,The stew simmered in a large cauldron.,خورش در یک دیگ بزرگ آهسته جوشید.,خورش در یک دیگ بزرگ آهسته جوشید.,خورش در یک دیگ بزرگ آرام قل می‌زد.,unique_legacy_word_with_same_english_sentence,1,f950377b3,2026-02-07T05:07:36.025Z,94.9,http://localhost:3000/words/tables/sentences?ids=92,32,1,high,historical_text_differs_from_current_text,9.2
248,s__248__sentence_en_meaning_fa__1770435182346.mp3,/Users/seyedbehrangkaboudi/Personal-Local/Projects/NextJS/Anki/public/audio/sentences/s__248__sentence_en_meaning_fa__1770435182346.mp3,2026-02-07T03:33:02.346Z,I need an eraser for these messy notes.,من برای این یادداشت‌های نامرتب به پاک‌کن نیاز دارم.,من برای این یادداشت‌های نامرتب به پاک‌کن نیاز دارم.,برای این یادداشت‌های به‌هم‌ریخته یک پاک کن لازم دارم.,unique_legacy_word_with_same_english_sentence,1,f950377b3,2026-02-07T05:07:36.025Z,94.6,http://localhost:3000/words/tables/sentences?ids=248,31.7,1,high,historical_text_differs_from_current_text,9.2
154,s__154__sentence_en_meaning_fa__1770435171051.mp3,/Users/seyedbehrangkaboudi/Personal-Local/Projects/NextJS/Anki/public/audio/sentences/s__154__sentence_en_meaning_fa__1770435171051.mp3,2026-02-07T03:32:51.051Z,The mugs are in the cabinet above the sink.,لیوان‌ها در کابینت بالای سینک هستند.,لیوان‌ها در کابینت بالای سینک هستند.,ماگ‌ها در کمد بالای سینک هستند.,unique_legacy_word_with_same_english_sentence,1,f950377b3,2026-02-07T05:07:36.025Z,94.7,http://localhost:3000/words/tables/sentences?ids=154,31,1,high,historical_text_differs_from_current_text,9.2
188,s__188__sentence_en_meaning_fa__1770435175188.mp3,/Users/seyedbehrangkaboudi/Personal-Local/Projects/NextJS/Anki/public/audio/sentences/s__188__sentence_en_meaning_fa__1770435175188.mp3,2026-02-07T03:32:55.188Z,The waterfall was loud enough to drown out our voices.,صدای آبشار آن‌قدر بلند بود که صداهای ما را خفه کند.,صدای آبشار آن‌قدر بلند بود که صداهای ما را خفه کند.,آبشار آن‌قدر بلند بود که صدای ما را می‌پوشاند.,unique_legacy_word_with_same_english_sentence,1,f950377b3,2026-02-07T05:07:36.025Z,94.7,http://localhost:3000/words/tables/sentences?ids=188,30.8,1,high,historical_text_differs_from_current_text,9.2
337,s__337__sentence_en_meaning_fa__1770435192808.mp3,/Users/seyedbehrangkaboudi/Personal-Local/Projects/NextJS/Anki/public/audio/sentences/s__337__sentence_en_meaning_fa__1770435192808.mp3,2026-02-07T03:33:12.808Z,I left my cellphone in the rideshare.,من گوشی موبایلم را در خودروی اینترنتی جا گذاشتم.,من گوشی موبایلم را در خودروی اینترنتی جا گذاشتم.,موبایل را در تاکسی اینترنتی جا گذاشتم.,unique_legacy_word_with_same_english_sentence,1,f950377b3,2026-02-07T05:07:36.025Z,94.4,http://localhost:3000/words/tables/sentences?ids=337,30.8,1,high,historical_text_differs_from_current_text,9.2
396,s__396__sentence_en_meaning_fa__1770435199665.mp3,/Users/seyedbehrangkaboudi/Personal-Local/Projects/NextJS/Anki/public/audio/sentences/s__396__sentence_en_meaning_fa__1770435199665.mp3,2026-02-07T03:33:19.665Z,Plug the lamp into the power strip.,لامپ را به چندراهی وصل کن.,لامپ را به چندراهی وصل کن.,چراغ را به چندراهی برق وصل کن.,unique_legacy_word_with_same_english_sentence,1,f950377b3,2026-02-07T05:07:36.025Z,94.3,http://localhost:3000/words/tables/sentences?ids=396,30.4,1,high,historical_text_differs_from_current_text,9.2
314,s__314__sentence_en_meaning_fa__1770435190153.mp3,/Users/seyedbehrangkaboudi/Personal-Local/Projects/NextJS/Anki/public/audio/sentences/s__314__sentence_en_meaning_fa__1770435190153.mp3,2026-02-07T03:33:10.153Z,She packed sportswear for the morning workout.,او برای تمرین صبحگاهی لباس ورزشی جمع کرد.,او برای تمرین صبحگاهی لباس ورزشی جمع کرد.,او برای تمرین صبح لباس ورزشی برداشت.,unique_legacy_word_with_same_english_sentence,1,f950377b3,2026-02-07T05:07:36.025Z,94.4,http://localhost:3000/words/tables/sentences?ids=314,30.3,1,high,historical_text_differs_from_current_text,9.2
16,s__16__sentence_en_meaning_fa__1770435153636.mp3,/Users/seyedbehrangkaboudi/Personal-Local/Projects/NextJS/Anki/public/audio/sentences/s__16__sentence_en_meaning_fa__1770435153636.mp3,2026-02-07T03:32:33.636Z,I finally felt relaxed when I got home.,من وقتی به خانه رسیدم بالاخره آرام احساس کردم.,من وقتی به خانه رسیدم بالاخره آرام احساس کردم.,وقتی به خانه رسیدم بالاخره احساس آرامش کردم.,unique_legacy_word_with_same_english_sentence,1,f950377b3,2026-02-07T05:07:36.025Z,95,http://localhost:3000/words/tables/sentences?ids=16,29.7,1,high,historical_text_differs_from_current_text,9.2
204,s__204__sentence_en_meaning_fa__1770435177004.mp3,/Users/seyedbehrangkaboudi/Personal-Local/Projects/NextJS/Anki/public/audio/sentences/s__204__sentence_en_meaning_fa__1770435177004.mp3,2026-02-07T03:32:57.004Z,We called a taxi after the concert.,ما بعد از کنسرت یک تاکسی صدا کردیم.,ما بعد از کنسرت یک تاکسی صدا کردیم.,بعد از کنسرت یک تاکسی گرفتیم.,unique_legacy_word_with_same_english_sentence,1,f950377b3,2026-02-07T05:07:36.025Z,94.7,http://localhost:3000/words/tables/sentences?ids=204,29.6,1,high,historical_text_differs_from_current_text,9.2
303,s__303__sentence_en_meaning_fa__1770435188874.mp3,/Users/seyedbehrangkaboudi/Personal-Local/Projects/NextJS/Anki/public/audio/sentences/s__303__sentence_en_meaning_fa__1770435188874.mp3,2026-02-07T03:33:08.874Z,I need to buy new underwear soon.,من باید به زودی لباس زیر جدید بخرم.,من باید به زودی لباس زیر جدید بخرم.,من به‌زودی باید لباس زیر جدید بخرم.,unique_legacy_word_with_same_english_sentence,1,f950377b3,2026-02-07T05:07:36.025Z,94.5,http://localhost:3000/words/tables/sentences?ids=303,29.6,1,high,historical_text_differs_from_current_text,9.2
53,s__53__sentence_en_meaning_fa__1770435158758.mp3,/Users/seyedbehrangkaboudi/Personal-Local/Projects/NextJS/Anki/public/audio/sentences/s__53__sentence_en_meaning_fa__1770435158758.mp3,2026-02-07T03:32:38.758Z,The food processor chopped the vegetables evenly.,غذاساز سبزیجات را به طور یکنواخت خرد کردن.,غذاساز سبزیجات را به طور یکنواخت خرد کردن.,غذاساز سبزیجات را یکدست خرد کرد.,unique_legacy_word_with_same_english_sentence,1,f950377b3,2026-02-07T05:07:36.025Z,95,http://localhost:3000/words/tables/sentences?ids=53,29.4,1,high,historical_text_differs_from_current_text,9.2
264,s__264__sentence_en_meaning_fa__1770435184227.mp3,/Users/seyedbehrangkaboudi/Personal-Local/Projects/NextJS/Anki/public/audio/sentences/s__264__sentence_en_meaning_fa__1770435184227.mp3,2026-02-07T03:33:04.227Z,She pressed the stamp onto the ink pad.,او مهر را روی پد جوهر فشار دادن.,او مهر را روی پد جوهر فشار دادن.,او مهر را روی استامپ فشار داد.,unique_legacy_word_with_same_english_sentence,1,f950377b3,2026-02-07T05:07:36.025Z,94.5,http://localhost:3000/words/tables/sentences?ids=264,29.2,1,high,historical_text_differs_from_current_text,9.2
304,s__304__sentence_en_meaning_fa__1770435188994.mp3,/Users/seyedbehrangkaboudi/Personal-Local/Projects/NextJS/Anki/public/audio/sentences/s__304__sentence_en_meaning_fa__1770435188994.mp3,2026-02-07T03:33:08.994Z,He packed extra briefs for the weekend.,او برای آخر هفته شورت‌های اضافی جمع کرد.,او برای آخر هفته شورت‌های اضافی جمع کرد.,او برای آخر هفته شورت اضافی برداشت.,unique_legacy_word_with_same_english_sentence,1,f950377b3,2026-02-07T05:07:36.025Z,94.5,http://localhost:3000/words/tables/sentences?ids=304,29,1,high,historical_text_differs_from_current_text,9.2
101,s__101__sentence_en_meaning_fa__1770435164650.mp3,/Users/seyedbehrangkaboudi/Personal-Local/Projects/NextJS/Anki/public/audio/sentences/s__101__sentence_en_meaning_fa__1770435164650.mp3,2026-02-07T03:32:44.650Z,She put the roses in a blue vase.,او گل رزها را در یک گلدان آبی قرار داد.,او گل رزها را در یک گلدان آبی قرار داد.,او رزها را در یک گلدان آبی گذاشت.,unique_legacy_word_with_same_english_sentence,1,f950377b3,2026-02-07T05:07:36.025Z,94.9,http://localhost:3000/words/tables/sentences?ids=101,27.6,1,high,historical_text_differs_from_current_text,9.2
321,s__321__sentence_en_meaning_fa__1770435190964.mp3,/Users/seyedbehrangkaboudi/Personal-Local/Projects/NextJS/Anki/public/audio/sentences/s__321__sentence_en_meaning_fa__1770435190964.mp3,2026-02-07T03:33:10.964Z,He wore a hat to block the sun.,او برای سد کردن آفتاب کلاه پوشید.,او برای سد کردن آفتاب کلاه پوشید.,او برای جلوگیری از آفتاب کلاه پوشید.,unique_legacy_word_with_same_english_sentence,1,f950377b3,2026-02-07T05:07:36.025Z,94.4,http://localhost:3000/words/tables/sentences?ids=321,27.6,1,high,historical_text_differs_from_current_text,9.2
376,s__376__sentence_en_meaning_fa__1770435197385.mp3,/Users/seyedbehrangkaboudi/Personal-Local/Projects/NextJS/Anki/public/audio/sentences/s__376__sentence_en_meaning_fa__1770435197385.mp3,2026-02-07T03:33:17.385Z,My computer froze during the video call.,کامپیوترم حین تماس تصویری هنگ کرد.,کامپیوترم حین تماس تصویری هنگ کرد.,کامپیوترم وسط تماس ویدیویی هنگ کرد.,unique_legacy_word_with_same_english_sentence,1,f950377b3,2026-02-07T05:07:36.025Z,94.3,http://localhost:3000/words/tables/sentences?ids=376,27.6,1,high,historical_text_differs_from_current_text,9.2
25,s__25__sentence_en_meaning_fa__1770435154945.mp3,/Users/seyedbehrangkaboudi/Personal-Local/Projects/NextJS/Anki/public/audio/sentences/s__25__sentence_en_meaning_fa__1770435154945.mp3,2026-02-07T03:32:34.945Z,The bedroom felt quiet and comfortable.,اتاق‌خواب آرام و راحت به نظر رسید.,اتاق‌خواب آرام و راحت به نظر رسید.,اتاق خواب آرام و راحت بود.,unique_legacy_word_with_same_english_sentence,1,f950377b3,2026-02-07T05:07:36.025Z,95,http://localhost:3000/words/tables/sentences?ids=25,26.9,1,high,historical_text_differs_from_current_text,9.2
206,s__206__sentence_en_meaning_fa__1770435177271.mp3,/Users/seyedbehrangkaboudi/Personal-Local/Projects/NextJS/Anki/public/audio/sentences/s__206__sentence_en_meaning_fa__1770435177271.mp3,2026-02-07T03:32:57.271Z,I take the subway to Manhattan every day.,من هر روز مترو را به منهتن می‌گیرم.,من هر روز مترو را به منهتن می‌گیرم.,من هر روز با مترو به منهتن می‌روم.,unique_legacy_word_with_same_english_sentence,1,f950377b3,2026-02-07T05:07:36.025Z,94.6,http://localhost:3000/words/tables/sentences?ids=206,26.9,1,high,historical_text_differs_from_current_text,9.2
295,s__295__sentence_en_meaning_fa__1770435187930.mp3,/Users/seyedbehrangkaboudi/Personal-Local/Projects/NextJS/Anki/public/audio/sentences/s__295__sentence_en_meaning_fa__1770435187930.mp3,2026-02-07T03:33:07.930Z,These pants are too tight now.,این شلوارها حالا خیلی تنگ هستند.,این شلوارها حالا خیلی تنگ هستند.,این شلوار الان خیلی تنگ است.,unique_legacy_word_with_same_english_sentence,1,f950377b3,2026-02-07T05:07:36.025Z,94.5,http://localhost:3000/words/tables/sentences?ids=295,26.9,1,high,historical_text_differs_from_current_text,9.2
218,s__218__sentence_en_meaning_fa__1770435178670.mp3,/Users/seyedbehrangkaboudi/Personal-Local/Projects/NextJS/Anki/public/audio/sentences/s__218__sentence_en_meaning_fa__1770435178670.mp3,2026-02-07T03:32:58.670Z,He laced up his skates and hit the rink.,او بندهای اسکیتش را بستن و به پیست رفت.,او بندهای اسکیتش را بستن و به پیست رفت.,او اسکیت را بست و به پیست رفت.,unique_legacy_word_with_same_english_sentence,1,f950377b3,2026-02-07T05:07:36.025Z,94.6,http://localhost:3000/words/tables/sentences?ids=218,26.7,1,high,historical_text_differs_from_current_text,9.2
393,s__393__sentence_en_meaning_fa__1770435199326.mp3,/Users/seyedbehrangkaboudi/Personal-Local/Projects/NextJS/Anki/public/audio/sentences/s__393__sentence_en_meaning_fa__1770435199326.mp3,2026-02-07T03:33:19.326Z,The photocopier jammed right before the meeting.,دستگاه کپی دقیقاً پیش از جلسه گیر کرد.,دستگاه کپی دقیقاً پیش از جلسه گیر کرد.,دستگاه کپی درست قبل از جلسه گیر کرد.,unique_legacy_word_with_same_english_sentence,1,f950377b3,2026-02-07T05:07:36.025Z,94.3,http://localhost:3000/words/tables/sentences?ids=393,26.7,1,high,historical_text_differs_from_current_text,9.2
59,s__59__sentence_en_meaning_fa__1770435159441.mp3,/Users/seyedbehrangkaboudi/Personal-Local/Projects/NextJS/Anki/public/audio/sentences/s__59__sentence_en_meaning_fa__1770435159441.mp3,2026-02-07T03:32:39.441Z,She scrubbed the pan with a sponge.,او ماهیتابه را با یک اسفنج ساییدن.,او ماهیتابه را با یک اسفنج ساییدن.,او ماهیتابه را با اسکاچ سابید.,unique_legacy_word_with_same_english_sentence,1,f950377b3,2026-02-07T05:07:36.025Z,94.9,http://localhost:3000/words/tables/sentences?ids=59,25.9,1,high,historical_text_differs_from_current_text,9.2
197,s__197__sentence_en_meaning_fa__1770435176184.mp3,/Users/seyedbehrangkaboudi/Personal-Local/Projects/NextJS/Anki/public/audio/sentences/s__197__sentence_en_meaning_fa__1770435176184.mp3,2026-02-07T03:32:56.184Z,He rides his bicycle to work most days.,او بیشتر روزها با دوچرخه‌اش به محل کار سوار می‌شود.,او بیشتر روزها با دوچرخه‌اش به محل کار سوار می‌شود.,او بیشتر روزها با دوچرخه به سر کار می‌رود.,unique_legacy_word_with_same_english_sentence,1,f950377b3,2026-02-07T05:07:36.025Z,94.7,http://localhost:3000/words/tables/sentences?ids=197,25.6,1,high,historical_text_differs_from_current_text,9.2
360,s__360__sentence_en_meaning_fa__1770435195531.mp3,/Users/seyedbehrangkaboudi/Personal-Local/Projects/NextJS/Anki/public/audio/sentences/s__360__sentence_en_meaning_fa__1770435195531.mp3,2026-02-07T03:33:15.531Z,She used needle-nose pliers to grab the tiny piece.,او از انبر نوک‌باریک برای گرفتن قطعه کوچک استفاده کرد.,او از انبر نوک‌باریک برای گرفتن قطعه کوچک استفاده کرد.,او از دم باریک برای گرفتن قطعه ریز استفاده کرد.,unique_legacy_word_with_same_english_sentence,1,f950377b3,2026-02-07T05:07:36.025Z,94.3,http://localhost:3000/words/tables/sentences?ids=360,25.6,1,high,historical_text_differs_from_current_text,9.2
55,s__55__sentence_en_meaning_fa__1770435158997.mp3,/Users/seyedbehrangkaboudi/Personal-Local/Projects/NextJS/Anki/public/audio/sentences/s__55__sentence_en_meaning_fa__1770435158997.mp3,2026-02-07T03:32:38.997Z,The rice cooker switched off automatically.,پلوپز به طور خودکار خاموش شدن.,پلوپز به طور خودکار خاموش شدن.,پلوپز خودکار خاموش شد.,unique_legacy_word_with_same_english_sentence,1,f950377b3,2026-02-07T05:07:36.025Z,95,http://localhost:3000/words/tables/sentences?ids=55,25,1,high,historical_text_differs_from_current_text,9.2
110,s__110__sentence_en_meaning_fa__1770435165753.mp3,/Users/seyedbehrangkaboudi/Personal-Local/Projects/NextJS/Anki/public/audio/sentences/s__110__sentence_en_meaning_fa__1770435165753.mp3,2026-02-07T03:32:45.753Z,We hung new wall art above the couch.,ما دکور دیواری جدید را بالای کاناپه آویزان کردیم.,ما دکور دیواری جدید را بالای کاناپه آویزان کردیم.,ما یک تابلو جدید بالای کاناپه آویزان کردیم.,unique_legacy_word_with_same_english_sentence,1,f950377b3,2026-02-07T05:07:36.025Z,94.8,http://localhost:3000/words/tables/sentences?ids=110,25,1,high,historical_text_differs_from_current_text,9.2
135,s__135__sentence_en_meaning_fa__1770435168756.mp3,/Users/seyedbehrangkaboudi/Personal-Local/Projects/NextJS/Anki/public/audio/sentences/s__135__sentence_en_meaning_fa__1770435168756.mp3,2026-02-07T03:32:48.756Z,He filled a bucket with soapy water.,او یک سطل را با آب صابونی پر کرد.,او یک سطل را با آب صابونی پر کرد.,او یک سطل را با آب کف‌آلود پر کرد.,unique_legacy_word_with_same_english_sentence,1,f950377b3,2026-02-07T05:07:36.025Z,94.8,http://localhost:3000/words/tables/sentences?ids=135,25,1,high,historical_text_differs_from_current_text,9.2
219,s__219__sentence_en_meaning_fa__1770435178778.mp3,/Users/seyedbehrangkaboudi/Personal-Local/Projects/NextJS/Anki/public/audio/sentences/s__219__sentence_en_meaning_fa__1770435178778.mp3,2026-02-07T03:32:58.778Z,He carried his skateboard into the coffee shop.,او اسکیت‌برد خود را به داخل کافه برد.,او اسکیت‌برد خود را به داخل کافه برد.,او اسکیت برد را به کافه برد.,unique_legacy_word_with_same_english_sentence,1,f950377b3,2026-02-07T05:07:36.025Z,94.6,http://localhost:3000/words/tables/sentences?ids=219,25,1,high,historical_text_differs_from_current_text,9.2
229,s__229__sentence_en_meaning_fa__1770435180094.mp3,/Users/seyedbehrangkaboudi/Personal-Local/Projects/NextJS/Anki/public/audio/sentences/s__229__sentence_en_meaning_fa__1770435180094.mp3,2026-02-07T03:33:00.094Z,We built a LEGO car on the living room floor.,ما ماشین لگو را روی کف اتاق نشیمن ساختیم.,ما ماشین لگو را روی کف اتاق نشیمن ساختیم.,ما یک لگو ماشین روی کف اتاق نشیمن ساختیم.,unique_legacy_word_with_same_english_sentence,1,f950377b3,2026-02-07T05:07:36.025Z,94.6,http://localhost:3000/words/tables/sentences?ids=229,25,1,high,historical_text_differs_from_current_text,9.2
231,s__231__sentence_en_meaning_fa__1770435180365.mp3,/Users/seyedbehrangkaboudi/Personal-Local/Projects/NextJS/Anki/public/audio/sentences/s__231__sentence_en_meaning_fa__1770435180365.mp3,2026-02-07T03:33:00.365Z,He tied the rope around the box to secure it.,او طناب را دور جعبه بستن تا آن را محکم کردن.,او طناب را دور جعبه بستن تا آن را محکم کردن.,او طناب را دور جعبه بست تا محکم شود.,unique_legacy_word_with_same_english_sentence,1,f950377b3,2026-02-07T05:07:36.025Z,94.6,http://localhost:3000/words/tables/sentences?ids=231,24.2,1,medium_high,historical_text_differs_from_current_text,9.2
368,s__368__sentence_en_meaning_fa__1770435196436.mp3,/Users/seyedbehrangkaboudi/Personal-Local/Projects/NextJS/Anki/public/audio/sentences/s__368__sentence_en_meaning_fa__1770435196436.mp3,2026-02-07T03:33:16.436Z,I dug small holes with a hand trowel.,من با بیلچه دستی چاله‌های کوچکی کندم.,من با بیلچه دستی چاله‌های کوچکی کندم.,من با بیلچه سوراخ‌های کوچک کندم.,unique_legacy_word_with_same_english_sentence,1,f950377b3,2026-02-07T05:07:36.025Z,94.3,http://localhost:3000/words/tables/sentences?ids=368,24.1,1,medium_high,historical_text_differs_from_current_text,9.2
77,s__77__sentence_en_meaning_fa__1770435161801.mp3,/Users/seyedbehrangkaboudi/Personal-Local/Projects/NextJS/Anki/public/audio/sentences/s__77__sentence_en_meaning_fa__1770435161801.mp3,2026-02-07T03:32:41.801Z,The butcher lifted a heavy cleaver.,قصاب یک ساطور سنگین بلند کرد.,قصاب یک ساطور سنگین بلند کرد.,قصاب یک ساطور سنگین را بالا برد.,unique_legacy_word_with_same_english_sentence,1,f950377b3,2026-02-07T05:07:36.025Z,94.9,http://localhost:3000/words/tables/sentences?ids=77,24,1,medium_high,historical_text_differs_from_current_text,9.2
201,s__201__sentence_en_meaning_fa__1770435176639.mp3,/Users/seyedbehrangkaboudi/Personal-Local/Projects/NextJS/Anki/public/audio/sentences/s__201__sentence_en_meaning_fa__1770435176639.mp3,2026-02-07T03:32:56.639Z,He loaded the boxes into his pickup truck.,او جعبه‌ها را داخل وانتش بار کرد.,او جعبه‌ها را داخل وانتش بار کرد.,او جعبه‌ها را داخل وانت گذاشت.,unique_legacy_word_with_same_english_sentence,1,f950377b3,2026-02-07T05:07:36.025Z,94.7,http://localhost:3000/words/tables/sentences?ids=201,24,1,medium_high,historical_text_differs_from_current_text,9.2
115,s__115__sentence_en_meaning_fa__1770435166387.mp3,/Users/seyedbehrangkaboudi/Personal-Local/Projects/NextJS/Anki/public/audio/sentences/s__115__sentence_en_meaning_fa__1770435166387.mp3,2026-02-07T03:32:46.387Z,He carried a lantern down the dark path.,او یک فانوس را در مسیر پایینِ تاریک حمل کرد.,او یک فانوس را در مسیر پایینِ تاریک حمل کرد.,او فانوس را در مسیر تاریک حمل کرد.,unique_legacy_word_with_same_english_sentence,1,f950377b3,2026-02-07T05:07:36.025Z,94.8,http://localhost:3000/words/tables/sentences?ids=115,23.5,1,medium_high,historical_text_differs_from_current_text,9.2
97,s__97__sentence_en_meaning_fa__1770435164150.mp3,/Users/seyedbehrangkaboudi/Personal-Local/Projects/NextJS/Anki/public/audio/sentences/s__97__sentence_en_meaning_fa__1770435164150.mp3,2026-02-07T03:32:44.150Z,She baked lasagna in a glass baking dish.,او لازانیا را در یک ظرف پخت شیشه‌ای پخت.,او لازانیا را در یک ظرف پخت شیشه‌ای پخت.,او لازانیا را در یک ظرف پیرکس پخت.,unique_legacy_word_with_same_english_sentence,1,f950377b3,2026-02-07T05:07:36.025Z,94.9,http://localhost:3000/words/tables/sentences?ids=97,23.3,1,medium_high,historical_text_differs_from_current_text,9.2
145,s__145__sentence_en_meaning_fa__1770435170009.mp3,/Users/seyedbehrangkaboudi/Personal-Local/Projects/NextJS/Anki/public/audio/sentences/s__145__sentence_en_meaning_fa__1770435170009.mp3,2026-02-07T03:32:50.009Z,He packed his duffel bag for the weekend trip.,او کیف سفری‌اش را برای سفر آخر هفته بست.,او کیف سفری‌اش را برای سفر آخر هفته بست.,او ساکش را برای سفر آخرهفته بست.,unique_legacy_word_with_same_english_sentence,1,f950377b3,2026-02-07T05:07:36.025Z,94.8,http://localhost:3000/words/tables/sentences?ids=145,23.3,1,medium_high,historical_text_differs_from_current_text,9.2
307,s__307__sentence_en_meaning_fa__1770435189334.mp3,/Users/seyedbehrangkaboudi/Personal-Local/Projects/NextJS/Anki/public/audio/sentences/s__307__sentence_en_meaning_fa__1770435189334.mp3,2026-02-07T03:33:09.334Z,I can't find a matching pair of socks.,من نمی‌توانم یک جفت جوراب جفت پیدا کنم.,من نمی‌توانم یک جفت جوراب جفت پیدا کنم.,نمی‌توانم یک جفت جوراب هم‌رنگ پیدا کنم.,unique_legacy_word_with_same_english_sentence,1,f950377b3,2026-02-07T05:07:36.025Z,94.4,http://localhost:3000/words/tables/sentences?ids=307,23.3,1,medium_high,historical_text_differs_from_current_text,9.2
338,s__338__sentence_en_meaning_fa__1770435192923.mp3,/Users/seyedbehrangkaboudi/Personal-Local/Projects/NextJS/Anki/public/audio/sentences/s__338__sentence_en_meaning_fa__1770435192923.mp3,2026-02-07T03:33:12.923Z,His smartwatch buzzed with a new message.,ساعت هوشمندش با یک پیام جدید ویبره زد.,ساعت هوشمندش با یک پیام جدید ویبره زد.,ساعت هوشمند او با یک پیام جدید لرزید.,unique_legacy_word_with_same_english_sentence,1,f950377b3,2026-02-07T05:07:36.025Z,94.4,http://localhost:3000/words/tables/sentences?ids=338,23.3,1,medium_high,historical_text_differs_from_current_text,9.2
45,s__45__sentence_en_meaning_fa__1770435157784.mp3,/Users/seyedbehrangkaboudi/Personal-Local/Projects/NextJS/Anki/public/audio/sentences/s__45__sentence_en_meaning_fa__1770435157784.mp3,2026-02-07T03:32:37.784Z,He stored the meat in the freezer.,او گوشت را در فریزر نگهداری کردن.,او گوشت را در فریزر نگهداری کردن.,او گوشت را در فریزر نگه داشت.,unique_legacy_word_with_same_english_sentence,1,f950377b3,2026-02-07T05:07:36.025Z,95,http://localhost:3000/words/tables/sentences?ids=45,23.1,1,medium_high,historical_text_differs_from_current_text,9.2
164,s__164__sentence_en_meaning_fa__1770435172320.mp3,/Users/seyedbehrangkaboudi/Personal-Local/Projects/NextJS/Anki/public/audio/sentences/s__164__sentence_en_meaning_fa__1770435172320.mp3,2026-02-07T03:32:52.320Z,"Put some ice in my drink, please.",لطفاً کمی یخ در نوشیدنی من بگذار.,لطفاً کمی یخ در نوشیدنی من بگذار.,لطفاً کمی یخ در نوشیدنی‌ام بریز.,unique_legacy_word_with_same_english_sentence,1,f950377b3,2026-02-07T05:07:36.025Z,94.7,http://localhost:3000/words/tables/sentences?ids=164,23.1,1,medium_high,historical_text_differs_from_current_text,9.2
254,s__254__sentence_en_meaning_fa__1770435183046.mp3,/Users/seyedbehrangkaboudi/Personal-Local/Projects/NextJS/Anki/public/audio/sentences/s__254__sentence_en_meaning_fa__1770435183046.mp3,2026-02-07T03:33:03.046Z,The accountant updated the ledger at the end of day.,حسابدار دفتر کل را در پایان روز به روزرسانی کردن.,حسابدار دفتر کل را در پایان روز به روزرسانی کردن.,حسابدار دفتر حساب را آخر روز به‌روزرسانی کرد.,unique_legacy_word_with_same_english_sentence,1,f950377b3,2026-02-07T05:07:36.025Z,94.5,http://localhost:3000/words/tables/sentences?ids=254,23.1,1,medium_high,historical_text_differs_from_current_text,9.2
84,s__84__sentence_en_meaning_fa__1770435162629.mp3,/Users/seyedbehrangkaboudi/Personal-Local/Projects/NextJS/Anki/public/audio/sentences/s__84__sentence_en_meaning_fa__1770435162629.mp3,2026-02-07T03:32:42.629Z,Spices sat inside a stone mortar.,ادویه‌ها داخل یک هاون سنگی قرار داشتند.,ادویه‌ها داخل یک هاون سنگی قرار داشتند.,ادویه‌ها داخل یک هاون سنگی بودند.,unique_legacy_word_with_same_english_sentence,1,f950377b3,2026-02-07T05:07:36.025Z,94.9,http://localhost:3000/words/tables/sentences?ids=84,22.6,1,medium_high,historical_text_differs_from_current_text,9.2
178,s__178__sentence_en_meaning_fa__1770435173973.mp3,/Users/seyedbehrangkaboudi/Personal-Local/Projects/NextJS/Anki/public/audio/sentences/s__178__sentence_en_meaning_fa__1770435173973.mp3,2026-02-07T03:32:53.973Z,We walked up the hill to catch our breath.,ما از تپه راه رفتیم تا نفسمان را بگیریم.,ما از تپه راه رفتیم تا نفسمان را بگیریم.,ما از تپه بالا رفتیم تا نفسمان جا بیاید.,unique_legacy_word_with_same_english_sentence,1,f950377b3,2026-02-07T05:07:36.025Z,94.7,http://localhost:3000/words/tables/sentences?ids=178,22.6,1,medium_high,historical_text_differs_from_current_text,9.2
5,s__5__sentence_en_meaning_fa__1770435152058.mp3,/Users/seyedbehrangkaboudi/Personal-Local/Projects/NextJS/Anki/public/audio/sentences/s__5__sentence_en_meaning_fa__1770435152058.mp3,2026-02-07T03:32:32.058Z,That person left their phone on the table.,آن شخص تلفن خود را روی میز جا گذاشت.,آن شخص تلفن خود را روی میز جا گذاشت.,آن فرد تلفنش را روی میز جا گذاشت.,unique_legacy_word_with_same_english_sentence,1,f950377b3,2026-02-07T05:07:36.025Z,95.1,http://localhost:3000/words/tables/sentences?ids=5,22.2,1,medium_high,historical_text_differs_from_current_text,9.2
57,s__57__sentence_en_meaning_fa__1770435159223.mp3,/Users/seyedbehrangkaboudi/Personal-Local/Projects/NextJS/Anki/public/audio/sentences/s__57__sentence_en_meaning_fa__1770435159223.mp3,2026-02-07T03:32:39.223Z,The kettle whistled on the stove.,کتری روی اجاق سوت زدن.,کتری روی اجاق سوت زدن.,کتری روی اجاق سوت کشید.,unique_legacy_word_with_same_english_sentence,1,f950377b3,2026-02-07T05:07:36.025Z,94.9,http://localhost:3000/words/tables/sentences?ids=57,22.2,1,medium_high,historical_text_differs_from_current_text,9.2
351,s__351__sentence_en_meaning_fa__1770435194514.mp3,/Users/seyedbehrangkaboudi/Personal-Local/Projects/NextJS/Anki/public/audio/sentences/s__351__sentence_en_meaning_fa__1770435194514.mp3,2026-02-07T03:33:14.514Z,Keep your glasses case in your bag.,جا عینکی‌ات را در کیفت نگه دار.,جا عینکی‌ات را در کیفت نگه دار.,جعبه عینکت را در کیفت نگه دار.,unique_legacy_word_with_same_english_sentence,1,f950377b3,2026-02-07T05:07:36.025Z,94.4,http://localhost:3000/words/tables/sentences?ids=351,21.7,1,medium_high,historical_text_differs_from_current_text,9.2
305,s__305__sentence_en_meaning_fa__1770435189106.mp3,/Users/seyedbehrangkaboudi/Personal-Local/Projects/NextJS/Anki/public/audio/sentences/s__305__sentence_en_meaning_fa__1770435189106.mp3,2026-02-07T03:33:09.106Z,She found a bra that actually fits.,او یک سینه‌بند پیدا کرد که واقعاً اندازه‌اش بود.,او یک سینه‌بند پیدا کرد که واقعاً اندازه‌اش بود.,او یک سوتین پیدا کرد که واقعاً اندازه باشد.,unique_legacy_word_with_same_english_sentence,1,f950377b3,2026-02-07T05:07:36.025Z,94.4,http://localhost:3000/words/tables/sentences?ids=305,21.6,1,medium_high,historical_text_differs_from_current_text,9.2
2,s__2__sentence_en_meaning_fa__1770435151659.mp3,/Users/seyedbehrangkaboudi/Personal-Local/Projects/NextJS/Anki/public/audio/sentences/s__2__sentence_en_meaning_fa__1770435151659.mp3,2026-02-07T03:32:31.659Z,The woman opened the store early this morning.,زن امروز صبح زود فروشگاه را باز کرد.,زن امروز صبح زود فروشگاه را باز کرد.,زن امروز صبح زود مغازه را باز کرد.,unique_legacy_word_with_same_english_sentence,1,f950377b3,2026-02-07T05:07:36.025Z,95.1,http://localhost:3000/words/tables/sentences?ids=2,21.4,1,medium_high,historical_text_differs_from_current_text,9.2
88,s__88__sentence_en_meaning_fa__1770435163124.mp3,/Users/seyedbehrangkaboudi/Personal-Local/Projects/NextJS/Anki/public/audio/sentences/s__88__sentence_en_meaning_fa__1770435163124.mp3,2026-02-07T03:32:43.124Z,The pressure cooker shortened cooking time.,زودپز زمان پخت را کوتاه کرد.,زودپز زمان پخت را کوتاه کرد.,قابلمه زودپز زمان پخت را کوتاه کرد.,unique_legacy_word_with_same_english_sentence,1,f950377b3,2026-02-07T05:07:36.025Z,94.9,http://localhost:3000/words/tables/sentences?ids=88,21.4,1,medium_high,historical_text_differs_from_current_text,9.2
130,s__130__sentence_en_meaning_fa__1770435168144.mp3,/Users/seyedbehrangkaboudi/Personal-Local/Projects/NextJS/Anki/public/audio/sentences/s__130__sentence_en_meaning_fa__1770435168144.mp3,2026-02-07T03:32:48.144Z,Step on the scale and tell me the number.,روی ترازو پا بگذار و عدد را به من بگو.,روی ترازو پا بگذار و عدد را به من بگو.,روی ترازو برو و عدد را به من بگو.,unique_legacy_word_with_same_english_sentence,1,f950377b3,2026-02-07T05:07:36.025Z,94.8,http://localhost:3000/words/tables/sentences?ids=130,21.4,1,medium_high,historical_text_differs_from_current_text,9.2
39,s__39__sentence_en_meaning_fa__1770435156932.mp3,/Users/seyedbehrangkaboudi/Personal-Local/Projects/NextJS/Anki/public/audio/sentences/s__39__sentence_en_meaning_fa__1770435156932.mp3,2026-02-07T03:32:36.932Z,The plate was already on the table.,بشقاب قبلاً روی میز بود.,بشقاب قبلاً روی میز بود.,بشقاب از قبل روی میز بود.,unique_legacy_word_with_same_english_sentence,1,f950377b3,2026-02-07T05:07:36.025Z,95,http://localhost:3000/words/tables/sentences?ids=39,21.1,1,medium_high,historical_text_differs_from_current_text,9.2
325,s__325__sentence_en_meaning_fa__1770435191413.mp3,/Users/seyedbehrangkaboudi/Personal-Local/Projects/NextJS/Anki/public/audio/sentences/s__325__sentence_en_meaning_fa__1770435191413.mp3,2026-02-07T03:33:11.413Z,He wrapped a scarf around his neck.,او یک شال گردن دور گردنش پیچید.,او یک شال گردن دور گردنش پیچید.,او شال را دور گردنش پیچید.,unique_legacy_word_with_same_english_sentence,1,f950377b3,2026-02-07T05:07:36.025Z,94.4,http://localhost:3000/words/tables/sentences?ids=325,20.8,1,medium_high,historical_text_differs_from_current_text,9.2
182,s__182__sentence_en_meaning_fa__1770435174460.mp3,/Users/seyedbehrangkaboudi/Personal-Local/Projects/NextJS/Anki/public/audio/sentences/s__182__sentence_en_meaning_fa__1770435174460.mp3,2026-02-07T03:32:54.460Z,He dropped his phone and it hit the ground.,او گوشی‌اش را انداخت و آن به زمین برخورد کرد.,او گوشی‌اش را انداخت و آن به زمین برخورد کرد.,او گوشی‌اش را انداخت و به زمین خورد.,unique_legacy_word_with_same_english_sentence,1,f950377b3,2026-02-07T05:07:36.025Z,94.7,http://localhost:3000/words/tables/sentences?ids=182,20.6,1,medium_high,historical_text_differs_from_current_text,9.2
379,s__379__sentence_en_meaning_fa__1770435197748.mp3,/Users/seyedbehrangkaboudi/Personal-Local/Projects/NextJS/Anki/public/audio/sentences/s__379__sentence_en_meaning_fa__1770435197748.mp3,2026-02-07T03:33:17.748Z,My keyboard is sticky from spilled soda.,صفحه کلیدم از ریختن نوشابه چسبناک شده است.,صفحه کلیدم از ریختن نوشابه چسبناک شده است.,کیبوردم از ریختن نوشابه چسبناک شده است.,unique_legacy_word_with_same_english_sentence,1,f950377b3,2026-02-07T05:07:36.025Z,94.3,http://localhost:3000/words/tables/sentences?ids=379,20.6,1,medium_high,historical_text_differs_from_current_text,9.2
151,s__151__sentence_en_meaning_fa__1770435170700.mp3,/Users/seyedbehrangkaboudi/Personal-Local/Projects/NextJS/Anki/public/audio/sentences/s__151__sentence_en_meaning_fa__1770435170700.mp3,2026-02-07T03:32:50.700Z,A tanker truck blocked the road for a minute.,یک کامیون تانکری برای یک دقیقه جاده را مسدود کرد.,یک کامیون تانکری برای یک دقیقه جاده را مسدود کرد.,یک کامیون تانکر برای یک دقیقه جاده را بست.,unique_legacy_word_with_same_english_sentence,1,f950377b3,2026-02-07T05:07:36.025Z,94.8,http://localhost:3000/words/tables/sentences?ids=151,20.5,1,medium_high,historical_text_differs_from_current_text,9.2
72,s__72__sentence_en_meaning_fa__1770435161145.mp3,/Users/seyedbehrangkaboudi/Personal-Local/Projects/NextJS/Anki/public/audio/sentences/s__72__sentence_en_meaning_fa__1770435161145.mp3,2026-02-07T03:32:41.145Z,He grabbed the meat with tongs.,او گوشت را با انبر برداشت.,او گوشت را با انبر برداشت.,او گوشت را با انبر گرفت.,unique_legacy_word_with_same_english_sentence,1,f950377b3,2026-02-07T05:07:36.025Z,94.9,http://localhost:3000/words/tables/sentences?ids=72,20,1,medium_high,historical_text_differs_from_current_text,9.2
163,s__163__sentence_en_meaning_fa__1770435172191.mp3,/Users/seyedbehrangkaboudi/Personal-Local/Projects/NextJS/Anki/public/audio/sentences/s__163__sentence_en_meaning_fa__1770435172191.mp3,2026-02-07T03:32:52.191Z,Add a pinch of salt to the soup.,کمی نمک به سوپ اضافه کن.,کمی نمک به سوپ اضافه کن.,یک پنس نمک به سوپ اضافه کن.,unique_legacy_word_with_same_english_sentence,1,f950377b3,2026-02-07T05:07:36.025Z,94.7,http://localhost:3000/words/tables/sentences?ids=163,20,1,medium_high,historical_text_differs_from_current_text,9.2
7,s__7__sentence_en_meaning_fa__1770435152316.mp3,/Users/seyedbehrangkaboudi/Personal-Local/Projects/NextJS/Anki/public/audio/sentences/s__7__sentence_en_meaning_fa__1770435152316.mp3,2026-02-07T03:32:32.316Z,Mr. Lee will join the meeting this afternoon.,آقای لی امروز بعدازظهر به جلسه ملحق خواهد شد.,آقای لی امروز بعدازظهر به جلسه ملحق خواهد شد.,آقا لی امروز بعدازظهر به جلسه ملحق می‌شود.,unique_legacy_word_with_same_english_sentence,1,f950377b3,2026-02-07T05:07:36.025Z,95.1,http://localhost:3000/words/tables/sentences?ids=7,19.4,1,medium_high,historical_text_differs_from_current_text,9.2
107,s__107__sentence_en_meaning_fa__1770435165428.mp3,/Users/seyedbehrangkaboudi/Personal-Local/Projects/NextJS/Anki/public/audio/sentences/s__107__sentence_en_meaning_fa__1770435165428.mp3,2026-02-07T03:32:45.428Z,The table clock ticked softly all night.,ساعت رومیزی تمام شب آهسته تیک تاک کرد.,ساعت رومیزی تمام شب آهسته تیک تاک کرد.,ساعت رومیزی تمام شب آرام تیک‌تاک می‌کرد.,unique_legacy_word_with_same_english_sentence,1,f950377b3,2026-02-07T05:07:36.025Z,94.8,http://localhost:3000/words/tables/sentences?ids=107,19.4,1,medium_high,historical_text_differs_from_current_text,9.2
184,s__184__sentence_en_meaning_fa__1770435174693.mp3,/Users/seyedbehrangkaboudi/Personal-Local/Projects/NextJS/Anki/public/audio/sentences/s__184__sentence_en_meaning_fa__1770435174693.mp3,2026-02-07T03:32:54.693Z,The river rose overnight after the storm.,رودخانه بعد از طوفان در طول شب بالا آمد.,رودخانه بعد از طوفان در طول شب بالا آمد.,رودخانه بعد از طوفان یک‌شبه بالا آمد.,unique_legacy_word_with_same_english_sentence,1,f950377b3,2026-02-07T05:07:36.025Z,94.7,http://localhost:3000/words/tables/sentences?ids=184,19.4,1,medium_high,historical_text_differs_from_current_text,9.2
109,s__109__sentence_en_meaning_fa__1770435165646.mp3,/Users/seyedbehrangkaboudi/Personal-Local/Projects/NextJS/Anki/public/audio/sentences/s__109__sentence_en_meaning_fa__1770435165646.mp3,2026-02-07T03:32:45.646Z,I found an old photo of us from high school.,من یک عکس قدیمی از ما از دبیرستان پیدا کردم.,من یک عکس قدیمی از ما از دبیرستان پیدا کردم.,یک عکس قدیمی از ما از دوران دبیرستان پیدا کردم.,unique_legacy_word_with_same_english_sentence,1,f950377b3,2026-02-07T05:07:36.025Z,94.8,http://localhost:3000/words/tables/sentences?ids=109,18.9,1,medium_high,historical_text_differs_from_current_text,9.2
46,s__46__sentence_en_meaning_fa__1770435157918.mp3,/Users/seyedbehrangkaboudi/Personal-Local/Projects/NextJS/Anki/public/audio/sentences/s__46__sentence_en_meaning_fa__1770435157918.mp3,2026-02-07T03:32:37.918Z,The oven is preheating for dinner.,فر برای شام در حال پیش گرم کردن است.,فر برای شام در حال پیش گرم کردن است.,فر برای شام در حال گرم شدن است.,unique_legacy_word_with_same_english_sentence,1,f950377b3,2026-02-07T05:07:36.025Z,95,http://localhost:3000/words/tables/sentences?ids=46,18.5,1,medium_high,historical_text_differs_from_current_text,9.2
239,s__239__sentence_en_meaning_fa__1770435181295.mp3,/Users/seyedbehrangkaboudi/Personal-Local/Projects/NextJS/Anki/public/audio/sentences/s__239__sentence_en_meaning_fa__1770435181295.mp3,2026-02-07T03:33:01.295Z,He restrung his racket before the match.,او قبل از مسابقه راکت خود را دوباره زه کرد.,او قبل از مسابقه راکت خود را دوباره زه کرد.,او قبل از مسابقه راکت را دوباره زه‌کشی کرد.,unique_legacy_word_with_same_english_sentence,1,f950377b3,2026-02-07T05:07:36.025Z,94.6,http://localhost:3000/words/tables/sentences?ids=239,18.2,1,medium_high,historical_text_differs_from_current_text,9.2
38,s__38__sentence_en_meaning_fa__1770435156786.mp3,/Users/seyedbehrangkaboudi/Personal-Local/Projects/NextJS/Anki/public/audio/sentences/s__38__sentence_en_meaning_fa__1770435156786.mp3,2026-02-07T03:32:36.786Z,He put on an apron before cooking.,او قبل از آشپزی کردن پیش‌بند پوشیدن.,او قبل از آشپزی کردن پیش‌بند پوشیدن.,او قبل از آشپزی پیش بند پوشید.,unique_legacy_word_with_same_english_sentence,1,f950377b3,2026-02-07T05:07:36.025Z,95,http://localhost:3000/words/tables/sentences?ids=38,17.9,1,medium_high,historical_text_differs_from_current_text,9.2
56,s__56__sentence_en_meaning_fa__1770435159108.mp3,/Users/seyedbehrangkaboudi/Personal-Local/Projects/NextJS/Anki/public/audio/sentences/s__56__sentence_en_meaning_fa__1770435159108.mp3,2026-02-07T03:32:39.108Z,They heated oil in the deep fryer.,آنها روغن را در سرخ‌کن عمیق گرم کردن.,آنها روغن را در سرخ‌کن عمیق گرم کردن.,آنها روغن را در سرخ کن گرم کردند.,unique_legacy_word_with_same_english_sentence,1,f950377b3,2026-02-07T05:07:36.025Z,94.9,http://localhost:3000/words/tables/sentences?ids=56,17.9,1,medium_high,historical_text_differs_from_current_text,9.2
113,s__113__sentence_en_meaning_fa__1770435166096.mp3,/Users/seyedbehrangkaboudi/Personal-Local/Projects/NextJS/Anki/public/audio/sentences/s__113__sentence_en_meaning_fa__1770435166096.mp3,2026-02-07T03:32:46.096Z,She checked her hair in the bathroom mirror.,او موهایش را در آینه حمام بررسی کرد.,او موهایش را در آینه حمام بررسی کرد.,او موهایش را در آینه حمام چک کرد.,unique_legacy_word_with_same_english_sentence,1,f950377b3,2026-02-07T05:07:36.025Z,94.8,http://localhost:3000/words/tables/sentences?ids=113,17.9,1,medium_high,historical_text_differs_from_current_text,9.2
179,s__179__sentence_en_meaning_fa__1770435174126.mp3,/Users/seyedbehrangkaboudi/Personal-Local/Projects/NextJS/Anki/public/audio/sentences/s__179__sentence_en_meaning_fa__1770435174126.mp3,2026-02-07T03:32:54.126Z,We climbed onto a rock to get a better view.,ما روی یک سنگ بالا رفتیم تا دید بهتری داشته باشیم.,ما روی یک سنگ بالا رفتیم تا دید بهتری داشته باشیم.,ما روی یک صخره رفتیم تا دید بهتری داشته باشیم.,unique_legacy_word_with_same_english_sentence,1,f950377b3,2026-02-07T05:07:36.025Z,94.7,http://localhost:3000/words/tables/sentences?ids=179,17.9,1,medium_high,historical_text_differs_from_current_text,9.2
301,s__301__sentence_en_meaning_fa__1770435188649.mp3,/Users/seyedbehrangkaboudi/Personal-Local/Projects/NextJS/Anki/public/audio/sentences/s__301__sentence_en_meaning_fa__1770435188649.mp3,2026-02-07T03:33:08.649Z,Her gown looked stunning under the lights.,لباس شبش زیر نورها خیره کننده به نظر می‌رسید.,لباس شبش زیر نورها خیره کننده به نظر می‌رسید.,لباس مجلسی او زیر نورها خیره‌کننده به نظر می‌رسید.,unique_legacy_word_with_same_english_sentence,1,f950377b3,2026-02-07T05:07:36.025Z,94.5,http://localhost:3000/words/tables/sentences?ids=301,17.9,1,medium_high,historical_text_differs_from_current_text,9.2
343,s__343__sentence_en_meaning_fa__1770435193547.mp3,/Users/seyedbehrangkaboudi/Personal-Local/Projects/NextJS/Anki/public/audio/sentences/s__343__sentence_en_meaning_fa__1770435193547.mp3,2026-02-07T03:33:13.547Z,We ran out of toothpaste this morning.,ما امروز صبح خمیردندانمان تمام شد.,ما امروز صبح خمیردندانمان تمام شد.,امروز صبح خمیر دندان تمام شد.,unique_legacy_word_with_same_english_sentence,1,f950377b3,2026-02-07T05:07:36.025Z,94.4,http://localhost:3000/words/tables/sentences?ids=343,17.9,1,medium_high,historical_text_differs_from_current_text,9.2
392,s__392__sentence_en_meaning_fa__1770435199216.mp3,/Users/seyedbehrangkaboudi/Personal-Local/Projects/NextJS/Anki/public/audio/sentences/s__392__sentence_en_meaning_fa__1770435199216.mp3,2026-02-07T03:33:19.216Z,I grabbed a flashlight when the power went out.,وقتی برق قطع شد، یک چراغ‌قوه برداشتم.,وقتی برق قطع شد، یک چراغ‌قوه برداشتم.,وقتی برق رفت، یک چراغ قوه برداشتم.,unique_legacy_word_with_same_english_sentence,1,f950377b3,2026-02-07T05:07:36.025Z,94.3,http://localhost:3000/words/tables/sentences?ids=392,17.9,1,medium_high,historical_text_differs_from_current_text,9.2
47,s__47__sentence_en_meaning_fa__1770435158024.mp3,/Users/seyedbehrangkaboudi/Personal-Local/Projects/NextJS/Anki/public/audio/sentences/s__47__sentence_en_meaning_fa__1770435158024.mp3,2026-02-07T03:32:38.024Z,She reheated the leftovers in the microwave.,او باقیمانده غذا را در مایکروویو دوباره گرم کردن.,او باقیمانده غذا را در مایکروویو دوباره گرم کردن.,او باقی‌مانده غذا را در مایکروویو گرم کرد.,unique_legacy_word_with_same_english_sentence,1,f950377b3,2026-02-07T05:07:36.025Z,95,http://localhost:3000/words/tables/sentences?ids=47,17.5,1,medium_high,historical_text_differs_from_current_text,9.2
51,s__51__sentence_en_meaning_fa__1770435158551.mp3,/Users/seyedbehrangkaboudi/Personal-Local/Projects/NextJS/Anki/public/audio/sentences/s__51__sentence_en_meaning_fa__1770435158551.mp3,2026-02-07T03:32:38.551Z,The electric kettle boiled the water fast.,کتری برقی آب را سریع جوشاندن.,کتری برقی آب را سریع جوشاندن.,کتری برقی آب را سریع جوش آورد.,unique_legacy_word_with_same_english_sentence,1,f950377b3,2026-02-07T05:07:36.025Z,95,http://localhost:3000/words/tables/sentences?ids=51,17.4,1,medium_high,historical_text_differs_from_current_text,9.2
74,s__74__sentence_en_meaning_fa__1770435161438.mp3,/Users/seyedbehrangkaboudi/Personal-Local/Projects/NextJS/Anki/public/audio/sentences/s__74__sentence_en_meaning_fa__1770435161438.mp3,2026-02-07T03:32:41.438Z,He cleaned the bowl with a scraper.,او کاسه را با یک لیسک تمیز کرد.,او کاسه را با یک لیسک تمیز کرد.,او کاسه را با کاردک تمیز کرد.,unique_legacy_word_with_same_english_sentence,1,f950377b3,2026-02-07T05:07:36.025Z,94.9,http://localhost:3000/words/tables/sentences?ids=74,17.4,1,medium_high,historical_text_differs_from_current_text,9.2
91,s__91__sentence_en_meaning_fa__1770435163440.mp3,/Users/seyedbehrangkaboudi/Personal-Local/Projects/NextJS/Anki/public/audio/sentences/s__91__sentence_en_meaning_fa__1770435163440.mp3,2026-02-07T03:32:43.440Z,She warmed the frying pan slowly.,او ماهیتابه را آهسته گرم کرد.,او ماهیتابه را آهسته گرم کرد.,او ماهیتابه را آرام گرم کرد.,unique_legacy_word_with_same_english_sentence,1,f950377b3,2026-02-07T05:07:36.025Z,94.9,http://localhost:3000/words/tables/sentences?ids=91,17.4,1,medium_high,historical_text_differs_from_current_text,9.2
385,s__385__sentence_en_meaning_fa__1770435198439.mp3,/Users/seyedbehrangkaboudi/Personal-Local/Projects/NextJS/Anki/public/audio/sentences/s__385__sentence_en_meaning_fa__1770435198439.mp3,2026-02-07T03:33:18.439Z,The air conditioner isn't cooling the room.,کولر گازی اتاق را خنک نمی‌کند.,کولر گازی اتاق را خنک نمی‌کند.,کولر اتاق را خنک نمی‌کند.,unique_legacy_word_with_same_english_sentence,1,f950377b3,2026-02-07T05:07:36.025Z,94.3,http://localhost:3000/words/tables/sentences?ids=385,17.4,1,medium_high,historical_text_differs_from_current_text,9.2
73,s__73__sentence_en_meaning_fa__1770435161298.mp3,/Users/seyedbehrangkaboudi/Personal-Local/Projects/NextJS/Anki/public/audio/sentences/s__73__sentence_en_meaning_fa__1770435161298.mp3,2026-02-07T03:32:41.298Z,She beat the eggs with a hand whisk.,او تخم‌مرغ‌ها را با یک همزن دستی هم زدن.,او تخم‌مرغ‌ها را با یک همزن دستی هم زدن.,او تخم‌مرغ‌ها را با همزن دستی زد.,unique_legacy_word_with_same_english_sentence,1,f950377b3,2026-02-07T05:07:36.025Z,94.9,http://localhost:3000/words/tables/sentences?ids=73,17.2,1,medium_high,historical_text_differs_from_current_text,9.2
102,s__102__sentence_en_meaning_fa__1770435164788.mp3,/Users/seyedbehrangkaboudi/Personal-Local/Projects/NextJS/Anki/public/audio/sentences/s__102__sentence_en_meaning_fa__1770435164788.mp3,2026-02-07T03:32:44.788Z,He served soup in a ceramic bowl.,او سوپ را در یک کاسهٔ سرامیکی سرو کرد.,او سوپ را در یک کاسهٔ سرامیکی سرو کرد.,او سوپ را در یک کاسه سفالی سرو کرد.,unique_legacy_word_with_same_english_sentence,1,f950377b3,2026-02-07T05:07:36.025Z,94.9,http://localhost:3000/words/tables/sentences?ids=102,17.2,1,medium_high,historical_text_differs_from_current_text,9.2
122,s__122__sentence_en_meaning_fa__1770435167217.mp3,/Users/seyedbehrangkaboudi/Personal-Local/Projects/NextJS/Anki/public/audio/sentences/s__122__sentence_en_meaning_fa__1770435167217.mp3,2026-02-07T03:32:47.217Z,She skipped a flat stone across the lake.,او یک سنگ صاف را روی دریاچه سراند.,او یک سنگ صاف را روی دریاچه سراند.,او یک سنگ صاف را روی دریاچه پرتاب کرد.,unique_legacy_word_with_same_english_sentence,1,f950377b3,2026-02-07T05:07:36.025Z,94.8,http://localhost:3000/words/tables/sentences?ids=122,17.2,1,medium_high,historical_text_differs_from_current_text,9.2
174,s__174__sentence_en_meaning_fa__1770435173480.mp3,/Users/seyedbehrangkaboudi/Personal-Local/Projects/NextJS/Anki/public/audio/sentences/s__174__sentence_en_meaning_fa__1770435173480.mp3,2026-02-07T03:32:53.480Z,She spit the cherry pit into a napkin.,او هستهٔ گیلاس را داخل یک دستمال تف کرد.,او هستهٔ گیلاس را داخل یک دستمال تف کرد.,او هسته گیلاس را داخل یک دستمال کاغذی تف کرد.,unique_legacy_word_with_same_english_sentence,1,f950377b3,2026-02-07T05:07:36.025Z,94.7,http://localhost:3000/words/tables/sentences?ids=174,17.1,1,medium_high,historical_text_differs_from_current_text,9.2
54,s__54__sentence_en_meaning_fa__1770435158876.mp3,/Users/seyedbehrangkaboudi/Personal-Local/Projects/NextJS/Anki/public/audio/sentences/s__54__sentence_en_meaning_fa__1770435158876.mp3,2026-02-07T03:32:38.876Z,He used an electric mixer for the batter.,او برای مایه خمیر از یک همزن برقی استفاده کردن.,او برای مایه خمیر از یک همزن برقی استفاده کردن.,او برای مایه کیک از همزن برقی استفاده کرد.,unique_legacy_word_with_same_english_sentence,1,f950377b3,2026-02-07T05:07:36.025Z,95,http://localhost:3000/words/tables/sentences?ids=54,16.2,1,medium_high,historical_text_differs_from_current_text,9.2
258,s__258__sentence_en_meaning_fa__1770435183551.mp3,/Users/seyedbehrangkaboudi/Personal-Local/Projects/NextJS/Anki/public/audio/sentences/s__258__sentence_en_meaning_fa__1770435183551.mp3,2026-02-07T03:33:03.551Z,One staple got stuck and ripped the paper.,یک منگنه گیر کرد و کاغذ را پاره کردن.,یک منگنه گیر کرد و کاغذ را پاره کردن.,یک سوزن منگنه گیر کرد و کاغذ را پاره کرد.,unique_legacy_word_with_same_english_sentence,1,f950377b3,2026-02-07T05:07:36.025Z,94.5,http://localhost:3000/words/tables/sentences?ids=258,16.1,1,medium_high,historical_text_differs_from_current_text,9.2
332,s__332__sentence_en_meaning_fa__1770435192262.mp3,/Users/seyedbehrangkaboudi/Personal-Local/Projects/NextJS/Anki/public/audio/sentences/s__332__sentence_en_meaning_fa__1770435192262.mp3,2026-02-07T03:33:12.262Z,He wore a bow tie to the gala.,او برای مراسم مجلل پاپیون پوشید.,او برای مراسم مجلل پاپیون پوشید.,او برای مراسم پاپیون پوشید.,unique_legacy_word_with_same_english_sentence,1,f950377b3,2026-02-07T05:07:36.025Z,94.4,http://localhost:3000/words/tables/sentences?ids=332,15.4,1,medium_high,historical_text_differs_from_current_text,9.2
111,s__111__sentence_en_meaning_fa__1770435165861.mp3,/Users/seyedbehrangkaboudi/Personal-Local/Projects/NextJS/Anki/public/audio/sentences/s__111__sentence_en_meaning_fa__1770435165861.mp3,2026-02-07T03:32:45.861Z,That painting looks perfect in the hallway.,آن نقاشی در راهرو عالی به نظر می‌رسد.,آن نقاشی در راهرو عالی به نظر می‌رسد.,آن تابلو نقاشی در راهرو عالی به نظر می‌رسد.,unique_legacy_word_with_same_english_sentence,1,f950377b3,2026-02-07T05:07:36.025Z,94.8,http://localhost:3000/words/tables/sentences?ids=111,15.2,1,medium_high,historical_text_differs_from_current_text,9.2
390,s__390__sentence_en_meaning_fa__1770435199000.mp3,/Users/seyedbehrangkaboudi/Personal-Local/Projects/NextJS/Anki/public/audio/sentences/s__390__sentence_en_meaning_fa__1770435199000.mp3,2026-02-07T03:33:19.000Z,She used a hair dryer before leaving.,او قبل از رفتن از سشوار استفاده کرد.,او قبل از رفتن از سشوار استفاده کرد.,او قبل از بیرون رفتن از سشوار استفاده کرد.,unique_legacy_word_with_same_english_sentence,1,f950377b3,2026-02-07T05:07:36.025Z,94.3,http://localhost:3000/words/tables/sentences?ids=390,15.2,1,medium_high,historical_text_differs_from_current_text,9.2
359,s__359__sentence_en_meaning_fa__1770435195423.mp3,/Users/seyedbehrangkaboudi/Personal-Local/Projects/NextJS/Anki/public/audio/sentences/s__359__sentence_en_meaning_fa__1770435195423.mp3,2026-02-07T03:33:15.423Z,He held the wire steady with pliers.,او سیم را با انبردست محکم نگه داشت.,او سیم را با انبردست محکم نگه داشت.,او سیم را با انبردست ثابت نگه داشت.,unique_legacy_word_with_same_english_sentence,1,f950377b3,2026-02-07T05:07:36.025Z,94.3,http://localhost:3000/words/tables/sentences?ids=359,14.8,2,medium,historical_text_differs_from_current_text,9.2
165,s__165__sentence_en_meaning_fa__1770435172450.mp3,/Users/seyedbehrangkaboudi/Personal-Local/Projects/NextJS/Anki/public/audio/sentences/s__165__sentence_en_meaning_fa__1770435172450.mp3,2026-02-07T03:32:52.450Z,A yellow leaf floated down onto the sidewalk.,یک برگ زرد پایین آمد و روی پیاده‌رو شناور شد.,یک برگ زرد پایین آمد و روی پیاده‌رو شناور شد.,یک برگ زرد پایین آمد و روی پیاده‌رو افتاد.,unique_legacy_word_with_same_english_sentence,1,f950377b3,2026-02-07T05:07:36.025Z,94.7,http://localhost:3000/words/tables/sentences?ids=165,14.7,2,medium,historical_text_differs_from_current_text,9.2
3,s__3__sentence_en_meaning_fa__1770435151820.mp3,/Users/seyedbehrangkaboudi/Personal-Local/Projects/NextJS/Anki/public/audio/sentences/s__3__sentence_en_meaning_fa__1770435151820.mp3,2026-02-07T03:32:31.820Z,The girl laughed while playing in the park.,دختر هنگام بازی کردن در پارک خندید.,دختر هنگام بازی کردن در پارک خندید.,دختر هنگام بازی در پارک خندید.,unique_legacy_word_with_same_english_sentence,1,f950377b3,2026-02-07T05:07:36.025Z,95.1,http://localhost:3000/words/tables/sentences?ids=3,14.3,2,medium,historical_text_differs_from_current_text,9.2
173,s__173__sentence_en_meaning_fa__1770435173375.mp3,/Users/seyedbehrangkaboudi/Personal-Local/Projects/NextJS/Anki/public/audio/sentences/s__173__sentence_en_meaning_fa__1770435173375.mp3,2026-02-07T03:32:53.375Z,A tiny seed sprouted in the pot.,یک دانهٔ کوچک در گلدان جوانه زد.,یک دانهٔ کوچک در گلدان جوانه زد.,یک دانه خیلی کوچک در گلدان جوانه زد.,unique_legacy_word_with_same_english_sentence,1,f950377b3,2026-02-07T05:07:36.025Z,94.7,http://localhost:3000/words/tables/sentences?ids=173,14.3,2,medium,historical_text_differs_from_current_text,9.2
344,s__344__sentence_en_meaning_fa__1770435193653.mp3,/Users/seyedbehrangkaboudi/Personal-Local/Projects/NextJS/Anki/public/audio/sentences/s__344__sentence_en_meaning_fa__1770435193653.mp3,2026-02-07T03:33:13.653Z,He ran a comb through his hair.,او شانه را لای موهایش کشید.,او شانه را لای موهایش کشید.,او شانه را در موهایش کشید.,unique_legacy_word_with_same_english_sentence,1,f950377b3,2026-02-07T05:07:36.025Z,94.4,http://localhost:3000/words/tables/sentences?ids=344,14.3,2,medium,historical_text_differs_from_current_text,9.2
353,s__353__sentence_en_meaning_fa__1770435194732.mp3,/Users/seyedbehrangkaboudi/Personal-Local/Projects/NextJS/Anki/public/audio/sentences/s__353__sentence_en_meaning_fa__1770435194732.mp3,2026-02-07T03:33:14.732Z,He grabbed a hammer and fixed the loose nail.,او یک چکش برداشت و میخ شل را محکم کرد.,او یک چکش برداشت و میخ شل را محکم کرد.,او یک چکش برداشت و میخ شل را درست کرد.,unique_legacy_word_with_same_english_sentence,1,f950377b3,2026-02-07T05:07:36.025Z,94.4,http://localhost:3000/words/tables/sentences?ids=353,14.3,2,medium,historical_text_differs_from_current_text,9.2
136,s__136__sentence_en_meaning_fa__1770435168868.mp3,/Users/seyedbehrangkaboudi/Personal-Local/Projects/NextJS/Anki/public/audio/sentences/s__136__sentence_en_meaning_fa__1770435168868.mp3,2026-02-07T03:32:48.868Z,She carried the laundry basket up the stairs.,او سبد لباس را از پله ها بالا برد.,او سبد لباس را از پله ها بالا برد.,او سبد لباسشویی را از پله‌ها بالا برد.,unique_legacy_word_with_same_english_sentence,1,f950377b3,2026-02-07T05:07:36.025Z,94.8,http://localhost:3000/words/tables/sentences?ids=136,13.8,2,medium,historical_text_differs_from_current_text,9.2
149,s__149__sentence_en_meaning_fa__1770435170482.mp3,/Users/seyedbehrangkaboudi/Personal-Local/Projects/NextJS/Anki/public/audio/sentences/s__149__sentence_en_meaning_fa__1770435170482.mp3,2026-02-07T03:32:50.482Z,They rolled the barrel into the storage room.,آنها بشکه را به داخل انبار غلتاندند.,آنها بشکه را به داخل انبار غلتاندند.,آنها بشکه را به اتاق انبار غلتاندند.,unique_legacy_word_with_same_english_sentence,1,f950377b3,2026-02-07T05:07:36.025Z,94.8,http://localhost:3000/words/tables/sentences?ids=149,13.8,2,medium,historical_text_differs_from_current_text,9.2
309,s__309__sentence_en_meaning_fa__1770435189611.mp3,/Users/seyedbehrangkaboudi/Personal-Local/Projects/NextJS/Anki/public/audio/sentences/s__309__sentence_en_meaning_fa__1770435189611.mp3,2026-02-07T03:33:09.611Z,He grabbed a raincoat when the sky darkened.,او وقتی آسمان تیره شد بارانی برداشت.,او وقتی آسمان تیره شد بارانی برداشت.,وقتی آسمان تیره شد یک بارانی برداشت.,unique_legacy_word_with_same_english_sentence,1,f950377b3,2026-02-07T05:07:36.025Z,94.4,http://localhost:3000/words/tables/sentences?ids=309,13.8,2,medium,historical_text_differs_from_current_text,9.2
36,s__36__sentence_en_meaning_fa__1770435156432.mp3,/Users/seyedbehrangkaboudi/Personal-Local/Projects/NextJS/Anki/public/audio/sentences/s__36__sentence_en_meaning_fa__1770435156432.mp3,2026-02-07T03:32:36.432Z,He twisted the pepper grinder over the soup.,او فلفل‌ساب را روی سوپ چرخاند.,او فلفل‌ساب را روی سوپ چرخاند.,او فلفل ساب را روی سوپ پیچاند.,unique_legacy_word_with_same_english_sentence,1,f950377b3,2026-02-07T05:07:36.025Z,95,http://localhost:3000/words/tables/sentences?ids=36,13,2,medium,historical_text_differs_from_current_text,9.2
71,s__71__sentence_en_meaning_fa__1770435161019.mp3,/Users/seyedbehrangkaboudi/Personal-Local/Projects/NextJS/Anki/public/audio/sentences/s__71__sentence_en_meaning_fa__1770435161019.mp3,2026-02-07T03:32:41.019Z,She ate the salad with a fork.,او سالاد را با یک چنگال خوردن.,او سالاد را با یک چنگال خوردن.,او سالاد را با چنگال خورد.,unique_legacy_word_with_same_english_sentence,1,f950377b3,2026-02-07T05:07:36.025Z,94.9,http://localhost:3000/words/tables/sentences?ids=71,13,2,medium,historical_text_differs_from_current_text,9.2
34,s__34__sentence_en_meaning_fa__1770435156116.mp3,/Users/seyedbehrangkaboudi/Personal-Local/Projects/NextJS/Anki/public/audio/sentences/s__34__sentence_en_meaning_fa__1770435156116.mp3,2026-02-07T03:32:36.116Z,Miss Carter teaches math at the school.,خانم کارتر در مدرسه ریاضی تدریس کردن.,خانم کارتر در مدرسه ریاضی تدریس کردن.,خانم کارتر در مدرسه ریاضی تدریس می‌کند.,unique_legacy_word_with_same_english_sentence,1,f950377b3,2026-02-07T05:07:36.025Z,95,http://localhost:3000/words/tables/sentences?ids=34,12.9,2,medium,historical_text_differs_from_current_text,9.2
160,s__160__sentence_en_meaning_fa__1770435171827.mp3,/Users/seyedbehrangkaboudi/Personal-Local/Projects/NextJS/Anki/public/audio/sentences/s__160__sentence_en_meaning_fa__1770435171827.mp3,2026-02-07T03:32:51.827Z,The kids built castles in the sand all afternoon.,بچه‌ها تمام بعدازظهر در شن قلعه ساختند.,بچه‌ها تمام بعدازظهر در شن قلعه ساختند.,بچه‌ها تمام بعدازظهر در ماسه قلعه ساختند.,unique_legacy_word_with_same_english_sentence,1,f950377b3,2026-02-07T05:07:36.025Z,94.7,http://localhost:3000/words/tables/sentences?ids=160,12.1,2,medium,historical_text_differs_from_current_text,9.2
364,s__364__sentence_en_meaning_fa__1770435195988.mp3,/Users/seyedbehrangkaboudi/Personal-Local/Projects/NextJS/Anki/public/audio/sentences/s__364__sentence_en_meaning_fa__1770435195988.mp3,2026-02-07T03:33:15.988Z,She used a drill to hang the shelf.,او از دریل برای نصب کردن قفسه استفاده کرد.,او از دریل برای نصب کردن قفسه استفاده کرد.,او از دریل برای نصب قفسه استفاده کرد.,unique_legacy_word_with_same_english_sentence,1,f950377b3,2026-02-07T05:07:36.025Z,94.3,http://localhost:3000/words/tables/sentences?ids=364,12.1,2,medium,historical_text_differs_from_current_text,9.2
78,s__78__sentence_en_meaning_fa__1770435161915.mp3,/Users/seyedbehrangkaboudi/Personal-Local/Projects/NextJS/Anki/public/audio/sentences/s__78__sentence_en_meaning_fa__1770435161915.mp3,2026-02-07T03:32:41.915Z,She peeled the apple with a peeler.,او سیب را با یک پوست‌کن پوست کندن.,او سیب را با یک پوست‌کن پوست کندن.,او سیب را با پوست کن پوست کند.,unique_legacy_word_with_same_english_sentence,1,f950377b3,2026-02-07T05:07:36.025Z,94.9,http://localhost:3000/words/tables/sentences?ids=78,12,2,medium,historical_text_differs_from_current_text,9.2
326,s__326__sentence_en_meaning_fa__1770435191524.mp3,/Users/seyedbehrangkaboudi/Personal-Local/Projects/NextJS/Anki/public/audio/sentences/s__326__sentence_en_meaning_fa__1770435191524.mp3,2026-02-07T03:33:11.524Z,He tightened his belt one notch.,او کمربندش را یک سوراخ سفت کرد.,او کمربندش را یک سوراخ سفت کرد.,او کمربند را یک سوراخ سفت‌تر کرد.,unique_legacy_word_with_same_english_sentence,1,f950377b3,2026-02-07T05:07:36.025Z,94.4,http://localhost:3000/words/tables/sentences?ids=326,12,2,medium,historical_text_differs_from_current_text,9.2
342,s__342__sentence_en_meaning_fa__1770435193433.mp3,/Users/seyedbehrangkaboudi/Personal-Local/Projects/NextJS/Anki/public/audio/sentences/s__342__sentence_en_meaning_fa__1770435193433.mp3,2026-02-07T03:33:13.433Z,I packed a toothbrush in my carry-on.,من یک مسواک در بار دستی‌ام گذاشتم.,من یک مسواک در بار دستی‌ام گذاشتم.,من یک مسواک در کیف دستی‌ام گذاشتم.,unique_legacy_word_with_same_english_sentence,1,f950377b3,2026-02-07T05:07:36.025Z,94.4,http://localhost:3000/words/tables/sentences?ids=342,11.5,2,medium,historical_text_differs_from_current_text,9.2
330,s__330__sentence_en_meaning_fa__1770435191995.mp3,/Users/seyedbehrangkaboudi/Personal-Local/Projects/NextJS/Anki/public/audio/sentences/s__330__sentence_en_meaning_fa__1770435191995.mp3,2026-02-07T03:33:11.995Z,"My watch died, so I checked my phone.",ساعت مچی‌ام از کار افتاد، پس گوشی‌ام را چک کردم.,ساعت مچی‌ام از کار افتاد، پس گوشی‌ام را چک کردم.,ساعت من از کار افتاد، پس گوشی‌ام را چک کردم.,unique_legacy_word_with_same_english_sentence,1,f950377b3,2026-02-07T05:07:36.025Z,94.4,http://localhost:3000/words/tables/sentences?ids=330,11.4,2,medium,historical_text_differs_from_current_text,9.2
358,s__358__sentence_en_meaning_fa__1770435195314.mp3,/Users/seyedbehrangkaboudi/Personal-Local/Projects/NextJS/Anki/public/audio/sentences/s__358__sentence_en_meaning_fa__1770435195314.mp3,2026-02-07T03:33:15.314Z,I need a hex key for this bike seat.,من برای این زین دوچرخه به آچار آلن نیاز دارم.,من برای این زین دوچرخه به آچار آلن نیاز دارم.,برای زین این دوچرخه به آچار آلن نیاز دارم.,unique_legacy_word_with_same_english_sentence,1,f950377b3,2026-02-07T05:07:36.025Z,94.3,http://localhost:3000/words/tables/sentences?ids=358,11.4,2,medium,historical_text_differs_from_current_text,9.2
200,s__200__sentence_en_meaning_fa__1770435176525.mp3,/Users/seyedbehrangkaboudi/Personal-Local/Projects/NextJS/Anki/public/audio/sentences/s__200__sentence_en_meaning_fa__1770435176525.mp3,2026-02-07T03:32:56.525Z,A truck delivered the couch this afternoon.,یک کامیون این بعدازظهر کاناپه را تحویل داد.,یک کامیون این بعدازظهر کاناپه را تحویل داد.,یک کامیون امروز بعدازظهر کاناپه را تحویل داد.,unique_legacy_word_with_same_english_sentence,1,f950377b3,2026-02-07T05:07:36.025Z,94.7,http://localhost:3000/words/tables/sentences?ids=200,10.8,2,medium,historical_text_differs_from_current_text,9.2
75,s__75__sentence_en_meaning_fa__1770435161569.mp3,/Users/seyedbehrangkaboudi/Personal-Local/Projects/NextJS/Anki/public/audio/sentences/s__75__sentence_en_meaning_fa__1770435161569.mp3,2026-02-07T03:32:41.569Z,She measured flour with a measuring cup.,او آرد را با یک پیمانه اندازه گرفتن.,او آرد را با یک پیمانه اندازه گرفتن.,او آرد را با پیمانه اندازه گرفت.,unique_legacy_word_with_same_english_sentence,1,f950377b3,2026-02-07T05:07:36.025Z,94.9,http://localhost:3000/words/tables/sentences?ids=75,10.7,2,medium,historical_text_differs_from_current_text,9.2
398,s__398__sentence_en_meaning_fa__1770435199881.mp3,/Users/seyedbehrangkaboudi/Personal-Local/Projects/NextJS/Anki/public/audio/sentences/s__398__sentence_en_meaning_fa__1770435199881.mp3,2026-02-07T03:33:19.881Z,We ate dinner at the kitchen table.,ما شام را کنار میز آشپزخانه خوردیم.,ما شام را کنار میز آشپزخانه خوردیم.,ما شام را سر میز آشپزخانه خوردیم.,unique_legacy_word_with_same_english_sentence,1,f950377b3,2026-02-07T05:07:36.025Z,94.3,http://localhost:3000/words/tables/sentences?ids=398,10.7,2,medium,historical_text_differs_from_current_text,9.2
87,s__87__sentence_en_meaning_fa__1770435163018.mp3,/Users/seyedbehrangkaboudi/Personal-Local/Projects/NextJS/Anki/public/audio/sentences/s__87__sentence_en_meaning_fa__1770435163018.mp3,2026-02-07T03:32:43.018Z,She covered the stew in a lidded pot.,او خورش را در یک قابلمه دردار پوشاند.,او خورش را در یک قابلمه دردار پوشاند.,او خورش را در قابلمه درب دار پوشاند.,unique_legacy_word_with_same_english_sentence,1,f950377b3,2026-02-07T05:07:36.025Z,94.9,http://localhost:3000/words/tables/sentences?ids=87,10.3,2,medium,historical_text_differs_from_current_text,9.2
69,s__69__sentence_en_meaning_fa__1770435160766.mp3,/Users/seyedbehrangkaboudi/Personal-Local/Projects/NextJS/Anki/public/audio/sentences/s__69__sentence_en_meaning_fa__1770435160766.mp3,2026-02-07T03:32:40.766Z,He flipped the eggs using a spatula.,او تخم‌مرغ‌ها را با یک کفگیر برگرداندن.,او تخم‌مرغ‌ها را با یک کفگیر برگرداندن.,او تخم‌مرغ‌ها را با کفگیر برگرداند.,unique_legacy_word_with_same_english_sentence,1,f950377b3,2026-02-07T05:07:36.025Z,94.9,http://localhost:3000/words/tables/sentences?ids=69,10,2,medium,historical_text_differs_from_current_text,9.2
170,s__170__sentence_en_meaning_fa__1770435173024.mp3,/Users/seyedbehrangkaboudi/Personal-Local/Projects/NextJS/Anki/public/audio/sentences/s__170__sentence_en_meaning_fa__1770435173024.mp3,2026-02-07T03:32:53.024Z,We planted a shrub near the front steps.,ما یک بوته نزدیک پله جلویی کاشتیم.,ما یک بوته نزدیک پله جلویی کاشتیم.,ما یک بوته نزدیک پله‌های جلویی کاشتیم.,unique_legacy_word_with_same_english_sentence,1,f950377b3,2026-02-07T05:07:36.025Z,94.7,http://localhost:3000/words/tables/sentences?ids=170,10,2,medium,historical_text_differs_from_current_text,9.2
79,s__79__sentence_en_meaning_fa__1770435162025.mp3,/Users/seyedbehrangkaboudi/Personal-Local/Projects/NextJS/Anki/public/audio/sentences/s__79__sentence_en_meaning_fa__1770435162025.mp3,2026-02-07T03:32:42.025Z,He grated cheese using a grater.,او پنیر را با یک رنده رنده کرد.,او پنیر را با یک رنده رنده کرد.,او پنیر را با رنده رنده کرد.,unique_legacy_word_with_same_english_sentence,1,f950377b3,2026-02-07T05:07:36.025Z,94.9,http://localhost:3000/words/tables/sentences?ids=79,8.7,2,medium,historical_text_differs_from_current_text,9.2
335,s__335__sentence_en_meaning_fa__1770435192583.mp3,/Users/seyedbehrangkaboudi/Personal-Local/Projects/NextJS/Anki/public/audio/sentences/s__335__sentence_en_meaning_fa__1770435192583.mp3,2026-02-07T03:33:12.583Z,His clothing was still wet from the rain.,لباسش هنوز از باران خیس بود.,لباسش هنوز از باران خیس بود.,لباس او هنوز از باران خیس بود.,unique_legacy_word_with_same_english_sentence,1,f950377b3,2026-02-07T05:07:36.025Z,94.4,http://localhost:3000/words/tables/sentences?ids=335,8.7,2,medium,historical_text_differs_from_current_text,9.2
98,s__98__sentence_en_meaning_fa__1770435164285.mp3,/Users/seyedbehrangkaboudi/Personal-Local/Projects/NextJS/Anki/public/audio/sentences/s__98__sentence_en_meaning_fa__1770435164285.mp3,2026-02-07T03:32:44.285Z,The child played quietly on the floor.,کودک آرام روی زمین بازی کرد.,کودک آرام روی زمین بازی کرد.,کودک آرام روی زمین بازی می‌کرد.,unique_legacy_word_with_same_english_sentence,1,f950377b3,2026-02-07T05:07:36.025Z,94.9,http://localhost:3000/words/tables/sentences?ids=98,8.3,2,medium,historical_text_differs_from_current_text,9.2
291,s__291__sentence_en_meaning_fa__1770435187422.mp3,/Users/seyedbehrangkaboudi/Personal-Local/Projects/NextJS/Anki/public/audio/sentences/s__291__sentence_en_meaning_fa__1770435187422.mp3,2026-02-07T03:33:07.422Z,He wore a sweatshirt on the plane.,او در هواپیما یک سویشرت پوشید.,او در هواپیما یک سویشرت پوشید.,او در هواپیما سویشرت پوشید.,unique_legacy_word_with_same_english_sentence,1,f950377b3,2026-02-07T05:07:36.025Z,94.5,http://localhost:3000/words/tables/sentences?ids=291,8.3,2,medium,historical_text_differs_from_current_text,9.2
377,s__377__sentence_en_meaning_fa__1770435197529.mp3,/Users/seyedbehrangkaboudi/Personal-Local/Projects/NextJS/Anki/public/audio/sentences/s__377__sentence_en_meaning_fa__1770435197529.mp3,2026-02-07T03:33:17.529Z,He reads the news on his tablet.,او خبر را روی تبلتش می‌خواند.,او خبر را روی تبلتش می‌خواند.,او خبرها را روی تبلتش می‌خواند.,unique_legacy_word_with_same_english_sentence,1,f950377b3,2026-02-07T05:07:36.025Z,94.3,http://localhost:3000/words/tables/sentences?ids=377,8.3,2,medium,historical_text_differs_from_current_text,9.2
334,s__334__sentence_en_meaning_fa__1770435192476.mp3,/Users/seyedbehrangkaboudi/Personal-Local/Projects/NextJS/Anki/public/audio/sentences/s__334__sentence_en_meaning_fa__1770435192476.mp3,2026-02-07T03:33:12.476Z,He wore an armband during the charity run.,او در دوی خیریه یک بازوبند پوشید.,او در دوی خیریه یک بازوبند پوشید.,او در دوی خیریه بازوبند پوشید.,unique_legacy_word_with_same_english_sentence,1,f950377b3,2026-02-07T05:07:36.025Z,94.4,http://localhost:3000/words/tables/sentences?ids=334,7.7,2,medium,historical_text_differs_from_current_text,9.2
285,s__285__sentence_en_meaning_fa__1770435186666.mp3,/Users/seyedbehrangkaboudi/Personal-Local/Projects/NextJS/Anki/public/audio/sentences/s__285__sentence_en_meaning_fa__1770435186666.mp3,2026-02-07T03:33:06.666Z,He keeps power tools in a large toolbox.,او ابزارهای برقی را در یک جعبه ابزار بزرگ نگه می‌دارد.,او ابزارهای برقی را در یک جعبه ابزار بزرگ نگه می‌دارد.,او ابزار برقی را در یک جعبه ابزار بزرگ نگه می‌دارد.,unique_legacy_word_with_same_english_sentence,1,f950377b3,2026-02-07T05:07:36.025Z,94.5,http://localhost:3000/words/tables/sentences?ids=285,7.1,2,medium,historical_text_differs_from_current_text,9.2
18,s__18__sentence_en_meaning_fa__1770435153858.mp3,/Users/seyedbehrangkaboudi/Personal-Local/Projects/NextJS/Anki/public/audio/sentences/s__18__sentence_en_meaning_fa__1770435153858.mp3,2026-02-07T03:32:33.858Z,We watched a movie in the living room.,ما در اتاق نشیمن یک فیلم تماشا کردیم.,ما در اتاق نشیمن یک فیلم تماشا کردیم.,ما در اتاق نشیمن فیلم تماشا کردیم.,unique_legacy_word_with_same_english_sentence,1,f950377b3,2026-02-07T05:07:36.025Z,95,http://localhost:3000/words/tables/sentences?ids=18,6.9,2,medium,historical_text_differs_from_current_text,9.2
329,s__329__sentence_en_meaning_fa__1770435191886.mp3,/Users/seyedbehrangkaboudi/Personal-Local/Projects/NextJS/Anki/public/audio/sentences/s__329__sentence_en_meaning_fa__1770435191886.mp3,2026-02-07T03:33:11.886Z,He forgot his sunglasses in the car.,او عینک آفتابی‌اش را در ماشین جا گذاشت.,او عینک آفتابی‌اش را در ماشین جا گذاشت.,او عینک آفتابی را در ماشین جا گذاشت.,unique_legacy_word_with_same_english_sentence,1,f950377b3,2026-02-07T05:07:36.025Z,94.4,http://localhost:3000/words/tables/sentences?ids=329,6.7,2,medium,historical_text_differs_from_current_text,9.2
341,s__341__sentence_en_meaning_fa__1770435193283.mp3,/Users/seyedbehrangkaboudi/Personal-Local/Projects/NextJS/Anki/public/audio/sentences/s__341__sentence_en_meaning_fa__1770435193283.mp3,2026-02-07T03:33:13.283Z,I brought a power bank for the road trip.,من برای سفر جاده ای یک پاوربانک آوردم.,من برای سفر جاده ای یک پاوربانک آوردم.,برای سفر جاده‌ای یک پاوربانک آوردم.,unique_legacy_word_with_same_english_sentence,1,f950377b3,2026-02-07T05:07:36.025Z,94.4,http://localhost:3000/words/tables/sentences?ids=341,6.7,2,medium,historical_text_differs_from_current_text,9.2
378,s__378__sentence_en_meaning_fa__1770435197636.mp3,/Users/seyedbehrangkaboudi/Personal-Local/Projects/NextJS/Anki/public/audio/sentences/s__378__sentence_en_meaning_fa__1770435197636.mp3,2026-02-07T03:33:17.636Z,I connected a second monitor for more space.,من برای فضای بیشتر یک مانیتور دوم وصل کردم.,من برای فضای بیشتر یک مانیتور دوم وصل کردم.,برای فضای بیشتر یک مانیتور دوم وصل کردم.,unique_legacy_word_with_same_english_sentence,1,f950377b3,2026-02-07T05:07:36.025Z,94.3,http://localhost:3000/words/tables/sentences?ids=378,5.9,2,medium,historical_text_differs_from_current_text,9.2
274,s__274__sentence_en_meaning_fa__1770435185334.mp3,/Users/seyedbehrangkaboudi/Personal-Local/Projects/NextJS/Anki/public/audio/sentences/s__274__sentence_en_meaning_fa__1770435185334.mp3,2026-02-07T03:33:05.334Z,We sat on a bench and watched the game.,ما روی یک نیمکت نشستیم و بازی را تماشا کردیم.,ما روی یک نیمکت نشستیم و بازی را تماشا کردیم.,ما روی نیمکت نشستیم و بازی را تماشا کردیم.,unique_legacy_word_with_same_english_sentence,1,f950377b3,2026-02-07T05:07:36.025Z,94.5,http://localhost:3000/words/tables/sentences?ids=274,5.7,2,medium,historical_text_differs_from_current_text,9.2
380,s__380__sentence_en_meaning_fa__1770435197859.mp3,/Users/seyedbehrangkaboudi/Personal-Local/Projects/NextJS/Anki/public/audio/sentences/s__380__sentence_en_meaning_fa__1770435197859.mp3,2026-02-07T03:33:17.859Z,I prefer a wireless mouse for my laptop.,من برای لپ‌تاپم یک ماوس بی سیم را ترجیح می‌دهم.,من برای لپ‌تاپم یک ماوس بی سیم را ترجیح می‌دهم.,برای لپ تاپم یک ماوس بی‌سیم را ترجیح می‌دهم.,unique_legacy_word_with_same_english_sentence,1,f950377b3,2026-02-07T05:07:36.025Z,94.3,http://localhost:3000/words/tables/sentences?ids=380,5.7,2,medium,historical_text_differs_from_current_text,9.2
350,s__350__sentence_en_meaning_fa__1770435194399.mp3,/Users/seyedbehrangkaboudi/Personal-Local/Projects/NextJS/Anki/public/audio/sentences/s__350__sentence_en_meaning_fa__1770435194399.mp3,2026-02-07T03:33:14.399Z,I opened my umbrella before the rain got worse.,من قبل از اینکه باران بدتر شود چترم را باز کردم.,من قبل از اینکه باران بدتر شود چترم را باز کردم.,قبل از اینکه باران بدتر شود چترم را باز کردم.,unique_legacy_word_with_same_english_sentence,1,f950377b3,2026-02-07T05:07:36.025Z,94.4,http://localhost:3000/words/tables/sentences?ids=350,5.4,2,medium,historical_text_differs_from_current_text,9.2
126,s__126__sentence_en_meaning_fa__1770435167679.mp3,/Users/seyedbehrangkaboudi/Personal-Local/Projects/NextJS/Anki/public/audio/sentences/s__126__sentence_en_meaning_fa__1770435167679.mp3,2026-02-07T03:32:47.679Z,She stored old letters in a wooden chest.,او نامه‌های قدیمی را در یک صندوق چوبی نگه داشت.,او نامه‌های قدیمی را در یک صندوق چوبی نگه داشت.,او نامه‌های قدیمی را در یک صندوقچه چوبی نگه داشت.,unique_legacy_word_with_same_english_sentence,1,f950377b3,2026-02-07T05:07:36.025Z,94.8,http://localhost:3000/words/tables/sentences?ids=126,5.3,2,medium,historical_text_differs_from_current_text,9.2
245,s__245__sentence_en_meaning_fa__1770435181945.mp3,/Users/seyedbehrangkaboudi/Personal-Local/Projects/NextJS/Anki/public/audio/sentences/s__245__sentence_en_meaning_fa__1770435181945.mp3,2026-02-07T03:33:01.945Z,He wrote the address down in pencil.,او آدرس را با مداد نوشتن.,او آدرس را با مداد نوشتن.,او آدرس را با مداد نوشت.,unique_legacy_word_with_same_english_sentence,1,f950377b3,2026-02-07T05:07:36.025Z,94.6,http://localhost:3000/words/tables/sentences?ids=245,5.3,2,medium,historical_text_differs_from_current_text,9.2
76,s__76__sentence_en_meaning_fa__1770435161672.mp3,/Users/seyedbehrangkaboudi/Personal-Local/Projects/NextJS/Anki/public/audio/sentences/s__76__sentence_en_meaning_fa__1770435161672.mp3,2026-02-07T03:32:41.672Z,He sharpened the knife carefully.,او چاقو را با دقت تیز کردن.,او چاقو را با دقت تیز کردن.,او چاقو را با دقت تیز کرد.,unique_legacy_word_with_same_english_sentence,1,f950377b3,2026-02-07T05:07:36.025Z,94.9,http://localhost:3000/words/tables/sentences?ids=76,5,2,medium,historical_text_differs_from_current_text,9.2
42,s__42__sentence_en_meaning_fa__1770435157388.mp3,/Users/seyedbehrangkaboudi/Personal-Local/Projects/NextJS/Anki/public/audio/sentences/s__42__sentence_en_meaning_fa__1770435157388.mp3,2026-02-07T03:32:37.388Z,He filled the glass with cold water.,او لیوان را با آب سرد پر کردن.,او لیوان را با آب سرد پر کردن.,او لیوان را با آب سرد پر کرد.,unique_legacy_word_with_same_english_sentence,1,f950377b3,2026-02-07T05:07:36.025Z,95,http://localhost:3000/words/tables/sentences?ids=42,4.5,2,low,historical_text_differs_from_current_text,9.2
70,s__70__sentence_en_meaning_fa__1770435160874.mp3,/Users/seyedbehrangkaboudi/Personal-Local/Projects/NextJS/Anki/public/audio/sentences/s__70__sentence_en_meaning_fa__1770435160874.mp3,2026-02-07T03:32:40.874Z,She lifted the fries with a slotted spatula.,او سیب زمینی سرخ کرده‌ها را با یک کفگیر سوراخ‌دار بلند کرد.,او سیب زمینی سرخ کرده‌ها را با یک کفگیر سوراخ‌دار بلند کرد.,او سیب‌زمینی سرخ‌کرده‌ها را با کفگیر سوراخ دار بلند کرد.,unique_legacy_word_with_same_english_sentence,1,f950377b3,2026-02-07T05:07:36.025Z,94.9,http://localhost:3000/words/tables/sentences?ids=70,4.4,2,low,historical_text_differs_from_current_text,9.2
62,s__62__sentence_en_meaning_fa__1770435159912.mp3,/Users/seyedbehrangkaboudi/Personal-Local/Projects/NextJS/Anki/public/audio/sentences/s__62__sentence_en_meaning_fa__1770435159912.mp3,2026-02-07T03:32:39.912Z,The soap dispenser sits next to the sink.,جا مایع کنار سینک قرار دارد.,جا مایع کنار سینک قرار دارد.,جا مایعی کنار سینک قرار دارد.,unique_legacy_word_with_same_english_sentence,1,f950377b3,2026-02-07T05:07:36.025Z,94.9,http://localhost:3000/words/tables/sentences?ids=62,4.3,2,low,historical_text_differs_from_current_text,9.2
17,s__17__sentence_en_meaning_fa__1770435153750.mp3,/Users/seyedbehrangkaboudi/Personal-Local/Projects/NextJS/Anki/public/audio/sentences/s__17__sentence_en_meaning_fa__1770435153750.mp3,2026-02-07T03:32:33.750Z,The kitchen smelled like fresh coffee.,آشپزخانه بوی قهوهٔ تازه می‌داد.,آشپزخانه بوی قهوهٔ تازه می‌داد.,آشپزخانه بوی قهوه تازه می‌داد.,unique_legacy_word_with_same_english_sentence,1,f950377b3,2026-02-07T05:07:36.025Z,95,http://localhost:3000/words/tables/sentences?ids=17,4,2,low,historical_text_differs_from_current_text,9.2
331,s__331__sentence_en_meaning_fa__1770435192110.mp3,/Users/seyedbehrangkaboudi/Personal-Local/Projects/NextJS/Anki/public/audio/sentences/s__331__sentence_en_meaning_fa__1770435192110.mp3,2026-02-07T03:33:12.110Z,He loosened his tie after the meeting.,او بعد از جلسه کراواتش را شل کرد.,او بعد از جلسه کراواتش را شل کرد.,او بعد از جلسه کراوات را شل کرد.,unique_legacy_word_with_same_english_sentence,1,f950377b3,2026-02-07T05:07:36.025Z,94.4,http://localhost:3000/words/tables/sentences?ids=331,4,2,low,historical_text_differs_from_current_text,9.2
52,s__52__sentence_en_meaning_fa__1770435158653.mp3,/Users/seyedbehrangkaboudi/Personal-Local/Projects/NextJS/Anki/public/audio/sentences/s__52__sentence_en_meaning_fa__1770435158653.mp3,2026-02-07T03:32:38.653Z,She blended the fruit in the blender.,او میوه را در مخلوط‌کن مخلوط کردن.,او میوه را در مخلوط‌کن مخلوط کردن.,او میوه را در مخلوط کن مخلوط کرد.,unique_legacy_word_with_same_english_sentence,1,f950377b3,2026-02-07T05:07:36.025Z,95,http://localhost:3000/words/tables/sentences?ids=52,3.8,2,low,historical_text_differs_from_current_text,9.2
44,s__44__sentence_en_meaning_fa__1770435157648.mp3,/Users/seyedbehrangkaboudi/Personal-Local/Projects/NextJS/Anki/public/audio/sentences/s__44__sentence_en_meaning_fa__1770435157648.mp3,2026-02-07T03:32:37.648Z,The cup rested neatly on the saucer.,فنجان مرتب روی نعلبکی قرار گرفتن.,فنجان مرتب روی نعلبکی قرار گرفتن.,فنجان مرتب روی نعلبکی قرار گرفت.,unique_legacy_word_with_same_english_sentence,1,f950377b3,2026-02-07T05:07:36.025Z,95,http://localhost:3000/words/tables/sentences?ids=44,3.7,2,low,historical_text_differs_from_current_text,9.2
180,s__180__sentence_en_meaning_fa__1770435174241.mp3,/Users/seyedbehrangkaboudi/Personal-Local/Projects/NextJS/Anki/public/audio/sentences/s__180__sentence_en_meaning_fa__1770435174241.mp3,2026-02-07T03:32:54.241Z,A pebble was stuck in my sandal.,یک سنگ‌ریزه در صندل من گیر کرده بود.,یک سنگ‌ریزه در صندل من گیر کرده بود.,یک سنگ ریزه در صندلم گیر کرده بود.,unique_legacy_word_with_same_english_sentence,1,f950377b3,2026-02-07T05:07:36.025Z,94.7,http://localhost:3000/words/tables/sentences?ids=180,3.7,2,low,historical_text_differs_from_current_text,9.2
131,s__131__sentence_en_meaning_fa__1770435168267.mp3,/Users/seyedbehrangkaboudi/Personal-Local/Projects/NextJS/Anki/public/audio/sentences/s__131__sentence_en_meaning_fa__1770435168267.mp3,2026-02-07T03:32:48.267Z,He added another weight to the barbell.,او یک وزنهٔ دیگر به هالتر اضافه کرد.,او یک وزنهٔ دیگر به هالتر اضافه کرد.,او یک وزنه دیگر به هالتر اضافه کرد.,unique_legacy_word_with_same_english_sentence,1,f950377b3,2026-02-07T05:07:36.025Z,94.8,http://localhost:3000/words/tables/sentences?ids=131,3.6,2,low,historical_text_differs_from_current_text,9.2
43,s__43__sentence_en_meaning_fa__1770435157505.mp3,/Users/seyedbehrangkaboudi/Personal-Local/Projects/NextJS/Anki/public/audio/sentences/s__43__sentence_en_meaning_fa__1770435157505.mp3,2026-02-07T03:32:37.505Z,She drank her coffee from a white cup.,او قهوه‌اش را از یک فنجان سفید نوشیدن.,او قهوه‌اش را از یک فنجان سفید نوشیدن.,او قهوه‌اش را از یک فنجان سفید نوشید.,unique_legacy_word_with_same_english_sentence,1,f950377b3,2026-02-07T05:07:36.025Z,95,http://localhost:3000/words/tables/sentences?ids=43,3.4,2,low,historical_text_differs_from_current_text,9.2
40,s__40__sentence_en_meaning_fa__1770435157057.mp3,/Users/seyedbehrangkaboudi/Personal-Local/Projects/NextJS/Anki/public/audio/sentences/s__40__sentence_en_meaning_fa__1770435157057.mp3,2026-02-07T03:32:37.057Z,She mixed the salad in a large bowl.,او سالاد را در یک کاسه بزرگ مخلوط کردن.,او سالاد را در یک کاسه بزرگ مخلوط کردن.,او سالاد را در یک کاسه بزرگ مخلوط کرد.,unique_legacy_word_with_same_english_sentence,1,f950377b3,2026-02-07T05:07:36.025Z,95,http://localhost:3000/words/tables/sentences?ids=40,3.3,2,low,historical_text_differs_from_current_text,9.2
99,s__99__sentence_en_meaning_fa__1770435164414.mp3,/Users/seyedbehrangkaboudi/Personal-Local/Projects/NextJS/Anki/public/audio/sentences/s__99__sentence_en_meaning_fa__1770435164414.mp3,2026-02-07T03:32:44.414Z,Her clothes were folded neatly on the chair.,لباس ها او مرتب روی صندلی تا شده بودند.,لباس ها او مرتب روی صندلی تا شده بودند.,لباس‌های او مرتب روی صندلی تا شده بودند.,unique_legacy_word_with_same_english_sentence,1,f950377b3,2026-02-07T05:07:36.025Z,94.9,http://localhost:3000/words/tables/sentences?ids=99,3.2,2,low,historical_text_differs_from_current_text,9.2
152,s__152__sentence_en_meaning_fa__1770435170808.mp3,/Users/seyedbehrangkaboudi/Personal-Local/Projects/NextJS/Anki/public/audio/sentences/s__152__sentence_en_meaning_fa__1770435170808.mp3,2026-02-07T03:32:50.808Z,The farm stored grain in a tall silo.,مزرعه غله را در یک سیلوی بلند ذخیره کرد.,مزرعه غله را در یک سیلوی بلند ذخیره کرد.,مزرعه غله را در یک سیلو بلند ذخیره کرد.,unique_legacy_word_with_same_english_sentence,1,f950377b3,2026-02-07T05:07:36.025Z,94.8,http://localhost:3000/words/tables/sentences?ids=152,3.2,2,low,historical_text_differs_from_current_text,9.2
15,s__15__sentence_en_meaning_fa__1770435153523.mp3,/Users/seyedbehrangkaboudi/Personal-Local/Projects/NextJS/Anki/public/audio/sentences/s__15__sentence_en_meaning_fa__1770435153523.mp3,2026-02-07T03:32:33.523Z,They bought a small house near the lake.,آن‌ها یک خانهٔ کوچک نزدیک دریاچه خریدند.,آن‌ها یک خانهٔ کوچک نزدیک دریاچه خریدند.,آن‌ها یک خانه کوچک نزدیک دریاچه خریدند.,unique_legacy_word_with_same_english_sentence,1,f950377b3,2026-02-07T05:07:36.025Z,95,http://localhost:3000/words/tables/sentences?ids=15,3.1,2,low,historical_text_differs_from_current_text,9.2
256,s__256__sentence_en_meaning_fa__1770435183272.mp3,/Users/seyedbehrangkaboudi/Personal-Local/Projects/NextJS/Anki/public/audio/sentences/s__256__sentence_en_meaning_fa__1770435183272.mp3,2026-02-07T03:33:03.272Z,I filed the forms in a big binder.,من فرم‌ها را در یک زونکن بزرگ بایگانی کردن.,من فرم‌ها را در یک زونکن بزرگ بایگانی کردن.,من فرم‌ها را در یک زونکن بزرگ بایگانی کردم.,unique_legacy_word_with_same_english_sentence,1,f950377b3,2026-02-07T05:07:36.025Z,94.5,http://localhost:3000/words/tables/sentences?ids=256,3,2,low,historical_text_differs_from_current_text,9.2
172,s__172__sentence_en_meaning_fa__1770435173267.mp3,/Users/seyedbehrangkaboudi/Personal-Local/Projects/NextJS/Anki/public/audio/sentences/s__172__sentence_en_meaning_fa__1770435173267.mp3,2026-02-07T03:32:53.267Z,I always keep fresh fruit on the counter.,من همیشه میوهٔ تازه را روی پیشخوان نگه می‌دارم.,من همیشه میوهٔ تازه را روی پیشخوان نگه می‌دارم.,من همیشه میوه تازه را روی پیشخوان نگه می‌دارم.,unique_legacy_word_with_same_english_sentence,1,f950377b3,2026-02-07T05:07:36.025Z,94.7,http://localhost:3000/words/tables/sentences?ids=172,2.7,2,low,historical_text_differs_from_current_text,9.2
